"상가업소번호","상호명","지점명","상권업종대분류코드","상권업종대분류명","상권업종중분류코드","상권업종중분류명","상권업종소분류코드","상권업종소분류명","표준산업분류코드","표준산업분류명","시도코드","시도명","시군구코드","시군구명","행정동코드","행정동명","법정동코드","법정동명","지번코드","대지구분코드","대지구분명","지번본번지","지번부번지","지번주소","도로명코드","도로명","건물본번지","건물부번지","건물관리번호","건물명","도로명주소","구우편번호","신우편번호","동정보","층정보","호정보","경도","위도"
"MA010120220810473634","광해","","R1","예술·스포츠","R102","도서관·사적지","R10202","독서실/스터디 카페","R90212","독서실 운영업","26","부산광역시","26200","영도구","26200660","동삼2동","2620012100","동삼동","2620012100106880000","1","대지",688,,"부산광역시 영도구 동삼동 688","262003006003","부산광역시 영도구 태종로",714,,"2620012100106880000000001","","부산광역시 영도구 태종로 714","606804","49124","","","",129.077700839557,35.0713274885249
"MA010120220806707020","엘리트21프리미엄스터디카페","","R1","예술·스포츠","R102","도서관·사적지","R10202","독서실/스터디 카페","R90212","독서실 운영업","26","부산광역시","26140","서구","26140530","동대신3동","2614010300","동대신동3가","2614010300101460014","1","대지",146,14,"부산광역시 서구 동대신동3가 146-14","261402006003","부산광역시 서구 보수대로",242,,"2614010300101460014020068","","부산광역시 서구 보수대로 242","602812","49213","","","",129.017984304699,35.1158721181387
"MA010120220813106129","몬스터리스터디카페","","R1","예술·스포츠","R102","도서관·사적지","R10202","독서실/스터디 카페","R90212","독서실 운영업","26","부산광역시","26380","사하구","26380620","감천1동","2638010800","감천동","2638010800107130010","1","대지",713,10,"부산광역시 사하구 감천동 713-10","263803006004","부산광역시 사하구 감천로",61,,"2638010800107130010000001","진양빌딩","부산광역시 사하구 감천로 61","604806","49371","","4","",128.99944599106,35.0901533391788
"MA010120220812604619","은하독서실","","R1","예술·스포츠","R102","도서관·사적지","R10202","독서실/스터디 카페","R90212","독서실 운영업","26","부산광역시","26320","북구","26320510","구포1동","2632010500","구포동","2632010500112110002","1","대지",1211,2,"부산광역시 북구 구포동 1211-2","263203132012","부산광역시 북구 시랑로",33,,"2632010500112110002007587","","부산광역시 북구 시랑로 33","616803","46600","","4","",129.004614816002,35.2026065888667
"MA010120220810700735","송이고시원","","R1","예술·스포츠","R102","도서관·사적지","R10202","독서실/스터디 카페","R90212","독서실 운영업","26","부산광역시","26320","북구","26320530","금곡동","2632010100","금곡동","2632010100100950011","1","대지",95,11,"부산광역시 북구 금곡동 95-11","263204196068","부산광역시 북구 금곡대로616번길",9,,"2632010100100950011010849","","부산광역시 북구 금곡대로616번길 9","616810","46505","","","",129.015260155153,35.262357016312
"MA010120220809621739","스키마스터디카페","덕천점","R1","예술·스포츠","R102","도서관·사적지","R10202","독서실/스터디 카페","R90212","독서실 운영업","26","부산광역시","26320","북구","26320560","덕천2동","2632010400","덕천동","2632010400104500011","1","대지",450,11,"부산광역시 북구 덕천동 450-11","263203132005","부산광역시 북구 덕천로",31,,"2632010400104500011006452","","부산광역시 북구 덕천로 31","616820","46578","","3","",129.00824076879,35.2080706293658
"MA010120220814126519","부산멘토즈스터디카페","남천점","R1","예술·스포츠","R102","도서관·사적지","R10202","독서실/스터디 카페","R90212","독서실 운영업","26","부산광역시","26500","수영구","26500660","남천1동","2650010500","남천동","2650010500100200011","1","대지",20,11,"부산광역시 수영구 남천동 20-11","265004214244","부산광역시 수영구 수영로408번길",36,,"2650010500100200011005052","남천빌딩","부산광역시 수영구 수영로408번길 36","613814","48308","","2","",129.109803688869,35.1413969019511
"MA010120220812441225","공부인스터디카페벡스코센터","해운대","R1","예술·스포츠","R102","도서관·사적지","R10202","독서실/스터디 카페","R90212","독서실 운영업","26","부산광역시","26350","해운대구","26350520","우2동","2635010500","우동","2635010500110780001","1","대지",1078,1,"부산광역시 해운대구 우동 1078-1","263502006010","부산광역시 해운대구 해운대로",407,,"2635010500110780001019430","신세계프라자","부산광역시 해운대구 해운대로 407","612823","48064","","7","",129.140698663032,35.1678351633809
"MA010120220808150887","르하임스터디카페부산","동아대점","R1","예술·스포츠","R102","도서관·사적지","R10202","독서실/스터디 카페","R90212","독서실 운영업","26","부산광역시","26380","사하구","26380562","하단2동","2638010300","하단동","2638010300104770008","1","대지",477,8,"부산광역시 사하구 하단동 477-8","263802006002","부산광역시 사하구 낙동대로",551,,"2638010300104770008041098","성전빌딩","부산광역시 사하구 낙동대로 551","604851","49303","","8","",128.963731692974,35.1128343267946
"MA010120220813365737","골든브릿지스터디카페토곡점","","R1","예술·스포츠","R102","도서관·사적지","R10202","독서실/스터디 카페","R90212","독서실 운영업","26","부산광역시","26470","연제구","26470720","연산8동","2647010200","연산동","2647010200103670025","1","대지",367,25,"부산광역시 연제구 연산동 367-25","264703006054","부산광역시 연제구 과정로",282,1,"2647010200103670025017078","","부산광역시 연제구 과정로 282-1","611816","47562","","4","",129.096517744366,35.1883974877859
"MA010120220810462354","독서실/스터디카페","","R1","예술·스포츠","R102","도서관·사적지","R10202","독서실/스터디 카페","R90212","독서실 운영업","26","부산광역시","26200","영도구","26200650","동삼1동","2620012100","동삼동","2620012100102310031","1","대지",231,31,"부산광역시 영도구 동삼동 231-31","262003128009","부산광역시 영도구 동삼로",79,,"2620012100102310031009867","","부산광역시 영도구 동삼로 79","606806","49098","","","",129.070315401472,35.0805376351234
"MA010120220805994426","와이매쓰프리미엄스터디카페","","R1","예술·스포츠","R102","도서관·사적지","R10202","독서실/스터디 카페","R90212","독서실 운영업","26","부산광역시","26290","남구","26290570","용호1동","2629010700","용호동","2629010700101230001","1","대지",123,1,"부산광역시 남구 용호동 123-1","262904193041","부산광역시 남구 동명로117번길",82,,"2629010700101240000007675","","부산광역시 남구 동명로117번길 82","608832","48524","","3","",129.11062224948,35.1233865647615
"MA010120220813806713","멘토즈스터디카페","부산대연점","R1","예술·스포츠","R102","도서관·사적지","R10202","독서실/스터디 카페","R90212","독서실 운영업","26","부산광역시","26290","남구","26290550","대연5동","2629010600","대연동","2629010600112810043","1","대지",1281,43,"부산광역시 남구 대연동 1281-43","262904193074","부산광역시 남구 못골로41번길",6,,"2629010600112810043004876","","부산광역시 남구 못골로41번길 6","608818","48438","","5","",129.08723286489,35.1360836001831
"MA010120220804974397","셀독24스터디카페","경성대점","R1","예술·스포츠","R102","도서관·사적지","R10202","독서실/스터디 카페","R90212","독서실 운영업","26","부산광역시","26290","남구","26290530","대연3동","2629010600","대연동","2629010600100720006","1","대지",72,6,"부산광역시 남구 대연동 72-6","262903131037","부산광역시 남구 수영로",300,,"2629010600100720006000338","비젼프라자","부산광역시 남구 수영로 300","608805","48499","","5","",129.099227408159,35.1366783648146
"MA010120220803103695","센텀스터디카페","","R1","예술·스포츠","R102","도서관·사적지","R10202","독서실/스터디 카페","R90212","독서실 운영업","26","부산광역시","26350","해운대구","26350520","우2동","2635010500","우동","2635010500112100002","1","대지",1210,2,"부산광역시 해운대구 우동 1210-2","263502006010","부산광역시 해운대구 해운대로",313,,"2635010500112100002000001","일부호","부산광역시 해운대구 해운대로 313","612827","48061","","3","",129.132647448915,35.1730236536964
"MA010120220809740232","멘토즈스터디카페","","R1","예술·스포츠","R102","도서관·사적지","R10202","독서실/스터디 카페","R90212","독서실 운영업","26","부산광역시","26320","북구","26320572","만덕2동","2632010300","만덕동","2632010300102560013","1","대지",256,13,"부산광역시 북구 만덕동 256-13","263204196166","부산광역시 북구 만덕2로44번길",57,,"2632010300102560013017658","","부산광역시 북구 만덕2로44번길 57","616826","46565","","","",129.034454542356,35.2104624794108
"MA010120220803186175","플랜트스터디카페개금라운지","","R1","예술·스포츠","R102","도서관·사적지","R10202","독서실/스터디 카페","R90212","독서실 운영업","26","부산광역시","26230","부산진구","26230740","개금1동","2623011100","개금동","2623011100105270189","1","대지",527,189,"부산광역시 부산진구 개금동 527-189","262303006020","부산광역시 부산진구 엄광로",35,,"2623011100200450018017363","","부산광역시 부산진구 엄광로 35","614814","47321","","3","",129.019949189034,35.1483537040648
"MA010120220811637638","청춘멘토","","R1","예술·스포츠","R102","도서관·사적지","R10202","독서실/스터디 카페","R90212","독서실 운영업","26","부산광역시","26410","금정구","26410610","장전2동","2641010800","장전동","2641010800104010005","1","대지",401,5,"부산광역시 금정구 장전동 401-5","264103130022","부산광역시 금정구 금강로",271,5,"2641010800104010005031369","","부산광역시 금정구 금강로 271-5","609840","46288","","","",129.084960930789,35.2322668341571
"MA010120220807775898","엣","","R1","예술·스포츠","R102","도서관·사적지","R10202","독서실/스터디 카페","R90212","독서실 운영업","26","부산광역시","26410","금정구","26410600","장전1동","2641010800","장전동","2641010800102760035","1","대지",276,35,"부산광역시 금정구 장전동 276-35","264104205208","부산광역시 금정구 부산대학로64번안길",7,,"2641010800102760014000001","","부산광역시 금정구 부산대학로64번안길 7","609838","46287","","","",129.085170701352,35.2357416481789
"MA010120220809082704","마이플레이스멤버쉽스터디카페","","R1","예술·스포츠","R102","도서관·사적지","R10202","독서실/스터디 카페","R90212","독서실 운영업","26","부산광역시","26320","북구","26320521","구포3동","2632010500","구포동","2632010500112180013","1","대지",1218,13,"부산광역시 북구 구포동 1218-13","263203132012","부산광역시 북구 시랑로",72,,"2632010500112180013007045","","부산광역시 북구 시랑로 72","616805","46631","","2","",129.005466366922,35.1992852007465
"MA010120220812026170","브레인업","","R1","예술·스포츠","R102","도서관·사적지","R10202","독서실/스터디 카페","R90212","독서실 운영업","26","부산광역시","26140","서구","26140590","부민동","2614010900","부민동1가","2614010900100160001","1","대지",16,1,"부산광역시 서구 부민동1가 16-1","261403006005","부산광역시 서구 구덕로",220,,"2614010900100160001023950","한웅캠퍼스","부산광역시 서구 구덕로 220","602816","49223","","11","",129.020294712823,35.1041724019863
"MA010120220809331844","하우스터디부산거제스터디카페","","R1","예술·스포츠","R102","도서관·사적지","R10202","독서실/스터디 카페","L68112","비주거용 건물 임대업","26","부산광역시","26470","연제구","26470610","거제1동","2647010100","거제동","2647010100100010028","1","대지",1,28,"부산광역시 연제구 거제동 1-28","264703006041","부산광역시 연제구 거제천로",205,,"2647010100100010028014720","더스타빌딩","부산광역시 연제구 거제천로 205","611800","47522","","4","",129.079543499223,35.1912675643429
"MA010120220806520900","하우스터디부산기장스터디카페","","R1","예술·스포츠","R102","도서관·사적지","R10202","독서실/스터디 카페","R90212","독서실 운영업","26","부산광역시","26710","기장군","26710250","기장읍","2671025021","기장읍","2671025021103650002","1","대지",365,2,"부산광역시 기장군 기장읍 동부리 365-2","267103140051","부산광역시 기장군 기장읍 차성동로",110,8,"2671025021103650002000001","","부산광역시 기장군 기장읍 차성동로 110-8","619905","46063","","3","",129.217333687551,35.2474671535992
"MA010120220808650449","르하임스터디카페부산","온천점","R1","예술·스포츠","R102","도서관·사적지","R10202","독서실/스터디 카페","R90212","독서실 운영업","26","부산광역시","26260","동래구","26260550","온천1동","2626010800","온천동","2626010800101820007","1","대지",182,7,"부산광역시 동래구 온천동 182-7","262603130032","부산광역시 동래구 온천장로",75,,"2626010800101820007012946","케이에이치파인우스","부산광역시 동래구 온천장로 75","607833","47712","","3","",129.081963614563,35.2181253477899
"MA010120220800304174","화이트펜슬구서점","","R1","예술·스포츠","R102","도서관·사적지","R10202","독서실/스터디 카페","R90212","독서실 운영업","26","부산광역시","26410","금정구","26410690","구서2동","2641010700","구서동","2641010700101920001","1","대지",192,1,"부산광역시 금정구 구서동 192-1","264103130022","부산광역시 금정구 금강로",528,,"2641010700101920001004499","","부산광역시 금정구 금강로 528","609803","46230","","4","",129.088055938907,35.254453735508
"MA010120220809756996","위코드스터디카페","","R1","예술·스포츠","R102","도서관·사적지","R10202","독서실/스터디 카페","R90212","독서실 운영업","26","부산광역시","26170","동구","26170570","수정2동","2617010200","수정동","2617010200101380000","1","대지",138,,"부산광역시 동구 수정동 138","261704181513","부산광역시 동구 진성로9번길",66,,"2617010200101380000011216","유림센텀빌딩","부산광역시 동구 진성로9번길 66","601812","48790","","3","",129.045958732754,35.1275687869202
"MA010120220813210216","위키스터디카페","","R1","예술·스포츠","R102","도서관·사적지","R10202","독서실/스터디 카페","R90212","독서실 운영업","26","부산광역시","26380","사하구","26380580","장림1동","2638010500","장림동","2638010500101970003","1","대지",197,3,"부산광역시 사하구 장림동 197-3","263803134022","부산광역시 사하구 장림로",219,,"2638010500101970003028836","","부산광역시 사하구 장림로 219","604844","49463","","3","",128.973157798252,35.0825725702546
"MA010120220808913754","초읍멘토즈스터디카페","연지점","R1","예술·스포츠","R102","도서관·사적지","R10202","독서실/스터디 카페","R90212","독서실 운영업","26","부산광역시","26230","부산진구","26230550","초읍동","2623010700","초읍동","2623010700102690048","1","대지",269,48,"부산광역시 부산진구 초읍동 269-48","262303129024","부산광역시 부산진구 새싹로",196,,"2623010700102690048034340","","부산광역시 부산진구 새싹로 196","614871","47127","","2","",129.049396758568,35.1736863773899
"MA010120220810203781","화이트펜슬스터디카페","화명점","R1","예술·스포츠","R102","도서관·사적지","R10202","독서실/스터디 카페","R90212","독서실 운영업","26","부산광역시","26320","북구","26320543","화명3동","2632010200","화명동","2632010200122690002","1","대지",2269,2,"부산광역시 북구 화명동 2269-2","263204196053","부산광역시 북구 금곡대로303번길",12,,"2632010200122690002013047","샤롯데빌딩","부산광역시 북구 금곡대로303번길 12","616852","46525","","","",129.013062221597,35.2356832617318
"MA010120220813676663","존스터디카페","마린시티점","R1","예술·스포츠","R102","도서관·사적지","R10202","독서실/스터디 카페","R90212","독서실 운영업","26","부산광역시","26350","해운대구","26350525","우3동","2635010500","우동","2635010500114350003","1","대지",1435,3,"부산광역시 해운대구 우동 1435-3","263503133005","부산광역시 해운대구 마린시티3로",37,,"2635010500114350003015459","한일오르듀","부산광역시 해운대구 마린시티3로 37","612020","48118","","","",129.146606367595,35.155447974014
"MA010120220804545241","부산작심스터디카페","동아대점","R1","예술·스포츠","R102","도서관·사적지","R10202","독서실/스터디 카페","R90212","독서실 운영업","26","부산광역시","26380","사하구","26380562","하단2동","2638010300","하단동","2638010300104920002","1","대지",492,2,"부산광역시 사하구 하단동 492-2","263802006002","부산광역시 사하구 낙동대로",542,,"2638010300104920002017287","대우에덴프라자","부산광역시 사하구 낙동대로 542","604851","49324","","3","",128.964731630412,35.1124576439025
"MA010120220804886624","삼민","","R1","예술·스포츠","R102","도서관·사적지","R10202","독서실/스터디 카페","R90212","독서실 운영업","26","부산광역시","26350","해운대구","26350553","좌3동","2635010700","좌동","2635010700112700002","1","대지",1270,2,"부산광역시 해운대구 좌동 1270-2","263503133039","부산광역시 해운대구 좌동순환로",78,,"2635010700112700002005537","","부산광역시 해운대구 좌동순환로 78","612852","48083","","7","",129.16755377199,35.1732598706127
"MA010120220806989867","더싸이무인스터디카페","엄궁점","R1","예술·스포츠","R102","도서관·사적지","R10202","독서실/스터디 카페","R90212","독서실 운영업","26","부산광역시","26530","사상구","26530680","엄궁동","2653010800","엄궁동","2653010800100460000","1","대지",46,,"부산광역시 사상구 엄궁동 46","265304217331","부산광역시 사상구 엄궁로179번길",7,,"2653010800100460000021187","","부산광역시 사상구 엄궁로179번길 7","617828","47038","","2","",128.975132335082,35.1289694612894
"MA010120220813810781","멘토즈스터디카페","사하당리점","R1","예술·스포츠","R102","도서관·사적지","R10202","독서실/스터디 카페","R90212","독서실 운영업","26","부산광역시","26380","사하구","26380550","당리동","2638010200","당리동","2638010200103170049","1","대지",317,49,"부산광역시 사하구 당리동 317-49","263802006002","부산광역시 사하구 낙동대로",392,,"2638010200103170049000388","정도빌딩","부산광역시 사하구 낙동대로 392","604828","49328","","6","",128.975345673272,35.1032822528851
"MA010120220802742511","지게이트스터디카페다대포센터","","R1","예술·스포츠","R102","도서관·사적지","R10202","독서실/스터디 카페","R90212","독서실 운영업","26","부산광역시","26380","사하구","26380601","다대1동","2638010600","다대동","2638010600115510026","1","대지",1551,26,"부산광역시 사하구 다대동 1551-26","263804202163","부산광역시 사하구 다대낙조1길",53,,"2638010600115510026026809","","부산광역시 사하구 다대낙조1길 53","604827","49503","","6","",128.969652496905,35.0498532547867
"MA010120220813819392","공간샘스터디카페부산","명지점","R1","예술·스포츠","R102","도서관·사적지","R10202","독서실/스터디 카페","R90212","독서실 운영업","26","부산광역시","26440","강서구","26440535","명지1동","2644010400","명지동","2644010400134400004","1","대지",3440,4,"부산광역시 강서구 명지동 3440-4","264403350868","부산광역시 강서구 명지국제8로",286,,"2644010400125840001000001","지봉빌딩","부산광역시 강서구 명지국제8로 286","618200","46772","","","",128.92402704777,35.0973038237626
"MA010120220814319235","부산멘토즈스터디카페","괴정점","R1","예술·스포츠","R102","도서관·사적지","R10202","독서실/스터디 카페","R90212","독서실 운영업","26","부산광역시","26380","사하구","26380510","괴정1동","2638010100","괴정동","2638010100108910001","1","대지",891,1,"부산광역시 사하구 괴정동 891-1","263804202117","부산광역시 사하구 낙동대로233번길",5,,"2638010100108910001027608","샘터빌딩","부산광역시 사하구 낙동대로233번길 5","604815","49381","","6","",128.991626825963,35.0990956422628
"MA010120220806678980","노블레스스터디카페","","R1","예술·스포츠","R102","도서관·사적지","R10202","독서실/스터디 카페","R90212","독서실 운영업","26","부산광역시","26710","기장군","26710250","기장읍","2671025026","기장읍","2671025026110010000","1","대지",1001,,"부산광역시 기장군 기장읍 대라리 1001","267103140053","부산광역시 기장군 기장읍 차성서로",90,,"2671025026110010000014458","","부산광역시 기장군 기장읍 차성서로 90","619903","46069","","2","",129.210593696244,35.2411655201637
"MA010120220803139471","엘드레브스터디카페","","R1","예술·스포츠","R102","도서관·사적지","R10202","독서실/스터디 카페","L68112","비주거용 건물 임대업","26","부산광역시","26200","영도구","26200540","영선1동","2620010900","영선동2가","2620010900101720000","1","대지",172,,"부산광역시 영도구 영선동2가 172","262004184047","부산광역시 영도구 남항시장길",324,,"2620010900101720000021885","","부산광역시 영도구 남항시장길 324","606042","49070","","2","",129.042771950276,35.0877997743544
"MA010120220809883669","시작스터디카페학장점","","R1","예술·스포츠","R102","도서관·사적지","R10202","독서실/스터디 카페","R90212","독서실 운영업","26","부산광역시","26530","사상구","26530670","학장동","2653010700","학장동","2653010700105850038","1","대지",585,38,"부산광역시 사상구 학장동 585-38","265303139006","부산광역시 사상구 대동로",100,1,"2653010700105850038016236","","부산광역시 사상구 대동로 100-1","617846","47051","","5","",128.978948140077,35.1384236593255
"MA010120220805053115","버나비스터디카페","","R1","예술·스포츠","R102","도서관·사적지","R10202","독서실/스터디 카페","R90212","독서실 운영업","26","부산광역시","26380","사하구","26380620","감천1동","2638010800","감천동","2638010800106510001","1","대지",651,1,"부산광역시 사하구 감천동 651-1","263803006004","부산광역시 사하구 감천로",49,,"2638010800106510001009780","","부산광역시 사하구 감천로 49","604806","49371","","4","",128.998059638063,35.0908520871113
"MA010120220808020177","타임유스터디카페부산","사직점","R1","예술·스포츠","R102","도서관·사적지","R10202","독서실/스터디 카페","R90212","독서실 운영업","26","부산광역시","26470","연제구","26470610","거제1동","2647010100","거제동","2647010100114770001","1","대지",1477,1,"부산광역시 연제구 거제동 1477-1","264702006012","부산광역시 연제구 아시아드대로",94,,"2647010100114770001009407","창암빌딩","부산광역시 연제구 아시아드대로 94","611803","47508","","4","",129.067499957257,35.1929517527284
"MA010120220812051266","공간","","R1","예술·스포츠","R102","도서관·사적지","R10202","독서실/스터디 카페","R90212","독서실 운영업","26","부산광역시","26410","금정구","26410600","장전1동","2641010800","장전동","2641010800101450007","1","대지",145,7,"부산광역시 금정구 장전동 145-7","264104205314","부산광역시 금정구 수림로85번길",56,,"2641010800101450007017762","","부산광역시 금정구 수림로85번길 56","609837","46281","","2","",129.082787038845,35.2374498290411
"MA010120220809649990","스테이S","","R1","예술·스포츠","R102","도서관·사적지","R10202","독서실/스터디 카페","R90212","독서실 운영업","26","부산광역시","26350","해운대구","26350552","좌2동","2635010700","좌동","2635010700114800004","1","대지",1480,4,"부산광역시 해운대구 좌동 1480-4","263504199126","부산광역시 해운대구 양운로42번길",16,,"2635010700114800004017846","스타빌딩","부산광역시 해운대구 양운로42번길 16","612842","48111","","","",129.177617895379,35.1683302871043
"MA010120220810561586","부산광역시서구청년연합회","","R1","예술·스포츠","R102","도서관·사적지","R10202","독서실/스터디 카페","R90212","독서실 운영업","26","부산광역시","26140","서구","26140540","서대신1동","2614010400","서대신동1가","2614010400102650001","1","대지",265,1,"부산광역시 서구 서대신동1가 265-1","261403126022","부산광역시 서구 해돋이로",381,,"2614010500105580002004455","","부산광역시 서구 해돋이로 381","602091","49238","","","",129.012342477036,35.1063233496605
"MA010120220810436098","작심스터디카페부산다대2동점","","R1","예술·스포츠","R102","도서관·사적지","R10202","독서실/스터디 카페","R90212","독서실 운영업","26","부산광역시","26380","사하구","26380602","다대2동","2638010600","다대동","2638010600115770007","1","대지",1577,7,"부산광역시 사하구 다대동 1577-7","263803134009","부산광역시 사하구 다송로",68,,"2638010600115770007005096","","부산광역시 사하구 다송로 68","604868","49521","","6","",128.98355380688,35.0618648381332
"MA010120220807115223","작심스터디카페","서면점","R1","예술·스포츠","R102","도서관·사적지","R10202","독서실/스터디 카페","R90212","독서실 운영업","26","부산광역시","26230","부산진구","26230520","부전2동","2623010300","부전동","2623010300101980004","1","대지",198,4,"부산광역시 부산진구 부전동 198-4","262304187686","부산광역시 부산진구 중앙대로680번길",19,1,"2623010300101980004038384","","부산광역시 부산진구 중앙대로680번길 19-1","614845","47296","","","",129.060426660943,35.153673637432
"MA010120220803414790","멘토즈스터디카페부산","용호점","R1","예술·스포츠","R102","도서관·사적지","R10202","독서실/스터디 카페","R90212","독서실 운영업","26","부산광역시","26290","남구","26290570","용호1동","2629010700","용호동","2629010700102000001","1","대지",200,1,"부산광역시 남구 용호동 200-1","262903131025","부산광역시 남구 용호로",54,,"2629010700102000001008987","대영빌딩","부산광역시 남구 용호로 54","608832","48523","","","",129.109651834103,35.1261610060498
"MA010120220803033452","아카데미프라자스터디카페광안센터","","R1","예술·스포츠","R102","도서관·사적지","R10202","독서실/스터디 카페","R90212","독서실 운영업","26","부산광역시","26500","수영구","26500790","광안4동","2650010400","광안동","2650010400107410008","1","대지",741,8,"부산광역시 수영구 광안동 741-8","265003131037","부산광역시 수영구 수영로",589,,"2650010400107410008000153","","부산광역시 수영구 수영로 589","613809","48255","","3","",129.112973460077,35.158337391966
"MA010120220812885745","부산멘토즈스터디카페","재송점","R1","예술·스포츠","R102","도서관·사적지","R10202","독서실/스터디 카페","L68112","비주거용 건물 임대업","26","부산광역시","26350","해운대구","26350660","재송2동","2635010400","재송동","2635010400111300001","1","대지",1130,1,"부산광역시 해운대구 재송동 1130-1","263503133035","부산광역시 해운대구 재반로",118,,"2635010400111300001000001","","부산광역시 해운대구 재반로 118","612832","48053","","8","",129.126871680946,35.1889133284601
"MA010120220810396743","자하연에듀케이션","","R1","예술·스포츠","R102","도서관·사적지","R10202","독서실/스터디 카페","R90212","독서실 운영업","26","부산광역시","26710","기장군","26710256","정관읍","2671025622","정관읍","2671025622107180004","1","대지",718,4,"부산광역시 기장군 정관읍 매학리 718-4","267103140047","부산광역시 기장군 정관읍 정관로",560,,"2671032022107180004000001","마치빌딩","부산광역시 기장군 정관읍 정관로 560","619963","46017","","3","",129.175084889421,35.3213513569872
"MA010120220806956982","셀독24","","R1","예술·스포츠","R102","도서관·사적지","R10202","독서실/스터디 카페","R90212","독서실 운영업","26","부산광역시","26230","부산진구","26230600","전포1동","2623010200","전포동","2623010200106890007","1","대지",689,7,"부산광역시 부산진구 전포동 689-7","262302006005","부산광역시 부산진구 전포대로",199,,"2623010200106890007000001","","부산광역시 부산진구 전포대로 199","614869","47297","","10","",129.064985066339,35.1542989070807
"MA010120220814075121","작심스터디카페부산","오륙도점","R1","예술·스포츠","R102","도서관·사적지","R10202","독서실/스터디 카페","R90212","독서실 운영업","26","부산광역시","26290","남구","26290580","용호2동","2629010700","용호동","2629010700105420020","1","대지",542,20,"부산광역시 남구 용호동 542-20","262904193224","부산광역시 남구 용주로6번길",30,,"2629010700105420020012019","","부산광역시 남구 용주로6번길 30","608839","48592","","4","",129.111208039197,35.1116613125782
"MA010120220812990180","타임유스터디카페","명지점","R1","예술·스포츠","R102","도서관·사적지","R10202","독서실/스터디 카페","R90212","독서실 운영업","26","부산광역시","26440","강서구","26440535","명지1동","2644010400","명지동","2644010400133580003","1","대지",3358,3,"부산광역시 강서구 명지동 3358-3","264403350868","부산광역시 강서구 명지국제8로",259,,"2644010400133580003000001","삼성빌딩","부산광역시 강서구 명지국제8로 259","618200","46773","","","",128.921209466954,35.0982587262515
"MA010120220813259180","연산토곡점작심독서실","","R1","예술·스포츠","R102","도서관·사적지","R10202","독서실/스터디 카페","R90212","독서실 운영업","26","부산광역시","26470","연제구","26470730","연산9동","2647010200","연산동","2647010200104910013","1","대지",491,13,"부산광역시 연제구 연산동 491-13","264703006054","부산광역시 연제구 과정로",106,,"2647010200104910013018749","","부산광역시 연제구 과정로 106","611819","47572","","3","",129.107387575309,35.1808463606138
"MA010120220807390509","하우스터디다대스터디카페","","R1","예술·스포츠","R102","도서관·사적지","R10202","독서실/스터디 카페","R90212","독서실 운영업","26","부산광역시","26380","사하구","26380602","다대2동","2638010600","다대동","2638010600100940002","1","대지",94,2,"부산광역시 사하구 다대동 94-2","263804202200","부산광역시 사하구 다대로381번길",75,,"2638010600100940002007948","국제그린","부산광역시 사하구 다대로381번길 75","604754","49513","","4","",128.983548495104,35.0675334021896
"MA010120220804405296","머스트스터디","","R1","예술·스포츠","R102","도서관·사적지","R10202","독서실/스터디 카페","R90212","독서실 운영업","26","부산광역시","26380","사하구","26380561","하단1동","2638010300","하단동","2638010300109000001","1","대지",900,1,"부산광역시 사하구 하단동 900-1","263804202252","부산광역시 사하구 동매로15번길",22,,"2638010300109000001040645","","부산광역시 사하구 동매로15번길 22","604850","49428","","","",128.960203874669,35.1047447122789
"MA010120220807412916","스터디카페비온탑부산","안락점","R1","예술·스포츠","R102","도서관·사적지","R10202","독서실/스터디 카페","R90212","독서실 운영업","26","부산광역시","26260","동래구","26260750","안락2동","2626010200","안락동","2626010200104710099","1","대지",471,99,"부산광역시 동래구 안락동 471-99","262604190166","부산광역시 동래구 명장로127번길",6,,"2626010200104710099020867","","부산광역시 동래구 명장로127번길 6","607826","47770","","4","",129.11281601291,35.2001624686126
"MA010120220800995407","양운점멘토즈스터디카페","해운대","R1","예술·스포츠","R102","도서관·사적지","R10202","독서실/스터디 카페","R90212","독서실 운영업","26","부산광역시","26350","해운대구","26350553","좌3동","2635010700","좌동","2635010700112700001","1","대지",1270,1,"부산광역시 해운대구 좌동 1270-1","263503133039","부산광역시 해운대구 좌동순환로",80,,"2635010700112700001026255","정선빌딩","부산광역시 해운대구 좌동순환로 80","612852","48083","","","",129.167635821403,35.1734566522735
"MA010120220802672764","오션리빙텔","","R1","예술·스포츠","R102","도서관·사적지","R10202","독서실/스터디 카페","R90212","독서실 운영업","26","부산광역시","26140","서구","26140540","서대신1동","2614010400","서대신동1가","2614010400100330001","1","대지",33,1,"부산광역시 서구 서대신동1가 33-1","261404178041","부산광역시 서구 구덕로265번길",15,,"2614010400100330001004239","","부산광역시 서구 구덕로265번길 15","602091","49235","","","",129.01877826673,35.1080456973565
"MA010120220805046498","시너지플레이스스터디카페","사직점","R1","예술·스포츠","R102","도서관·사적지","R10202","독서실/스터디 카페","R90212","독서실 운영업","26","부산광역시","26470","연제구","26470620","거제2동","2647010100","거제동","2647010100108940003","1","대지",894,3,"부산광역시 연제구 거제동 894-3","264702006012","부산광역시 연제구 아시아드대로",91,,"2647010100108940003013669","","부산광역시 연제구 아시아드대로 91","611807","47501","","3","",129.066648875101,35.1927229735124
"MA010120220804151108","화이트펜슬서동점","","R1","예술·스포츠","R102","도서관·사적지","R10202","독서실/스터디 카페","R90212","독서실 운영업","26","부산광역시","26410","금정구","26410520","서2동","2641011000","서동","2641011000102020002","1","대지",202,2,"부산광역시 금정구 서동 202-2","264103135033","부산광역시 금정구 서동로",168,,"2641011000102020002000001","송월빌딩","부산광역시 금정구 서동로 168","609849","46327","","8","",129.104774765072,35.2144325522778
"MA010120220810452364","모어앤모어스","","R1","예술·스포츠","R102","도서관·사적지","R10202","독서실/스터디 카페","R90212","독서실 운영업","26","부산광역시","26200","영도구","26200650","동삼1동","2620012100","동삼동","2620012100102400021","1","대지",240,21,"부산광역시 영도구 동삼동 240-21","262003128009","부산광역시 영도구 동삼로",110,,"2620012100102400021004415","","부산광역시 영도구 동삼로 110","606806","49096","","","",129.071693682965,35.0830193396549
"MA010120220804788999","신곡점멘토즈스터디카페","해운대","R1","예술·스포츠","R102","도서관·사적지","R10202","독서실/스터디 카페","R90212","독서실 운영업","26","부산광역시","26350","해운대구","26350552","좌2동","2635010700","좌동","2635010700114430004","1","대지",1443,4,"부산광역시 해운대구 좌동 1443-4","263503133039","부산광역시 해운대구 좌동순환로",305,,"2635010700114430004018013","신호프라자","부산광역시 해운대구 좌동순환로 305","612843","48113","","7","",129.183272995989,35.1688682578009
"MA010120220806877308","시작스터디카페명륜점","","R1","예술·스포츠","R102","도서관·사적지","R10202","독서실/스터디 카페","S96999","그 외 기타 달리 분류되지 않은 개인 서비스업","26","부산광역시","26260","동래구","26260545","명륜동","2626010700","명륜동","2626010700106380023","1","대지",638,23,"부산광역시 동래구 명륜동 638-23","262603130023","부산광역시 동래구 명륜로",165,,"2626010700106380023014467","","부산광역시 동래구 명륜로 165","607806","47743","","","",129.08203848678,35.208589885398
"MA010120220812180064","동래명장점멘토즈스터디카페","","R1","예술·스포츠","R102","도서관·사적지","R10202","독서실/스터디 카페","R90212","독서실 운영업","26","부산광역시","26260","동래구","26260761","명장1동","2626010100","명장동","2626010100100630009","1","대지",63,9,"부산광역시 동래구 명장동 63-9","262604190168","부산광역시 동래구 명장로20번길",90,,"2626010100100630009022311","삼성타운","부산광역시 동래구 명장로20번길 90","607808","47781","","5","",129.09995911324,35.2026841402778
"MA010120220814371259","역점2관멘토즈스터디카페","해운대","R1","예술·스포츠","R102","도서관·사적지","R10202","독서실/스터디 카페","R90212","독서실 운영업","26","부산광역시","26350","해운대구","26350510","우1동","2635010500","우동","2635010500106020003","1","대지",602,3,"부산광역시 해운대구 우동 602-3","263503133040","부산광역시 해운대구 중동1로",4,,"2635010500106020003026870","동춘빌딩","부산광역시 해운대구 중동1로 4","612821","48095","","3","",129.160252402693,35.1640184955045
"MA010120220811684311","화이트펜슬","당감점","R1","예술·스포츠","R102","도서관·사적지","R10202","독서실/스터디 카페","R90212","독서실 운영업","26","부산광역시","26230","부산진구","26230700","당감4동","2623010900","당감동","2623010900107340021","1","대지",734,21,"부산광역시 부산진구 당감동 734-21","262304187151","부산광역시 부산진구 당감서로80번길",22,,"2623010900107340014007940","","부산광역시 부산진구 당감서로80번길 22","614821","47145","","5","",129.038251486942,35.1673140274089
"MA010120220806631618","화명카이저점멘토즈스터디카페","","R1","예술·스포츠","R102","도서관·사적지","R10202","독서실/스터디 카페","R90212","독서실 운영업","26","부산광역시","26320","북구","26320560","덕천2동","2632010400","덕천동","2632010400105610002","1","대지",561,2,"부산광역시 북구 덕천동 561-2","263202132001","부산광역시 북구 금곡대로",126,,"2632010400105610002012416","채움센트럴","부산광역시 북구 금곡대로 126","616817","46545","","","",129.008153099173,35.2201116429327
"MA010120220809586283","한국진로골든벨","","R1","예술·스포츠","R102","도서관·사적지","R10202","독서실/스터디 카페","R90212","독서실 운영업","26","부산광역시","26350","해운대구","26350552","좌2동","2635010700","좌동","2635010700114810002","1","대지",1481,2,"부산광역시 해운대구 좌동 1481-2","263504199084","부산광역시 해운대구 세실로27번길",21,1,"2635010700114810002000001","","부산광역시 해운대구 세실로27번길 21-1","612842","48111","","8","",129.17788147259,35.1687490811385
"MA010120220812907134","스텔라잉글리쉬까페","","R1","예술·스포츠","R102","도서관·사적지","R10202","독서실/스터디 카페","R90212","독서실 운영업","26","부산광역시","26380","사하구","26380562","하단2동","2638010300","하단동","2638010300104920002","1","대지",492,2,"부산광역시 사하구 하단동 492-2","263802006002","부산광역시 사하구 낙동대로",542,,"2638010300104920002017287","대우에덴프라자","부산광역시 사하구 낙동대로 542","604851","49324","","1","",128.964731630412,35.1124576439025
"MA010120220804988087","비허밍스터디카페부산반여점","","R1","예술·스포츠","R102","도서관·사적지","R10202","독서실/스터디 카페","R90212","독서실 운영업","26","부산광역시","26350","해운대구","26350570","반여1동","2635010300","반여동","2635010300116290005","1","대지",1629,5,"부산광역시 해운대구 반여동 1629-5","263503133007","부산광역시 해운대구 반여로",96,,"2635010300116290005023168","영풍빌딩","부산광역시 해운대구 반여로 96","612061","48036","","2","",129.12339971548,35.2001755120307
"MA010120220811778563","하우스터디부산장림스터디카페","","R1","예술·스포츠","R102","도서관·사적지","R10202","독서실/스터디 카페","R90212","독서실 운영업","26","부산광역시","26380","사하구","26380590","장림2동","2638010500","장림동","2638010500104350000","1","대지",435,,"부산광역시 사하구 장림동 435","263803134007","부산광역시 사하구 다대로",328,,"2638010500104350000000001","사하리버팰리스","부산광역시 사하구 다대로 328","604846","49469","","2","",128.976072550241,35.0734230887177
"MA010120220812099350","어라운드스터디카페","광안점","R1","예술·스포츠","R102","도서관·사적지","R10202","독서실/스터디 카페","R90212","독서실 운영업","26","부산광역시","26500","수영구","26500760","광안1동","2650010400","광안동","2650010400101170001","1","대지",117,1,"부산광역시 수영구 광안동 117-1","265003131037","부산광역시 수영구 수영로",630,,"2650010400101170001019038","","부산광역시 수영구 수영로 630","613802","48291","","4","",129.114247077896,35.1617575611934
"MA010120220811433767","스포츠산업진흥원","","R1","예술·스포츠","R102","도서관·사적지","R10202","독서실/스터디 카페","R90212","독서실 운영업","26","부산광역시","26350","해운대구","26350554","좌4동","2635010700","좌동","2635010700113980000","1","대지",1398,,"부산광역시 해운대구 좌동 1398","263504199022","부산광역시 해운대구 대천로103번길",61,,"2635010700113980000003370","엘지아파트","부산광역시 해운대구 대천로103번길 61","612768","48075","","4","",129.173864148346,35.1806712312952
"MA010120220806782736","르하임스터디카페정관","모전점","R1","예술·스포츠","R102","도서관·사적지","R10202","독서실/스터디 카페","R90212","독서실 운영업","26","부산광역시","26710","기장군","26710256","정관읍","2671025627","정관읍","2671025627107380001","1","대지",738,1,"부산광역시 기장군 정관읍 모전리 738-1","267103140047","부산광역시 기장군 정관읍 정관로",383,,"2671032027107380001000001","대성타워","부산광역시 기장군 정관읍 정관로 383","619962","46008","","5","",129.165458194952,35.3351311328518
"MA010120220804853903","셀독24스터디카페","","R1","예술·스포츠","R102","도서관·사적지","R10202","독서실/스터디 카페","R90212","독서실 운영업","26","부산광역시","26230","부산진구","26230610","전포2동","2623010200","전포동","2623010200108740001","1","대지",874,1,"부산광역시 부산진구 전포동 874-1","262302000010","부산광역시 부산진구 중앙대로",808,,"2623010200108740001040913","금정빌딩","부산광역시 부산진구 중앙대로 808","614870","47241","","7","",129.064164342867,35.1635047420948
"MA010120220810220934","유엔스터디카페","","R1","예술·스포츠","R102","도서관·사적지","R10202","독서실/스터디 카페","R90212","독서실 운영업","26","부산광역시","26290","남구","26290540","대연4동","2629010600","대연동","2629010600111680020","1","대지",1168,20,"부산광역시 남구 대연동 1168-20","262903131016","부산광역시 남구 석포로",76,,"2629010600111680020000001","","부산광역시 남구 석포로 76","608815","48539","","8","",129.088636311506,35.1244614788819
"MA010120220814259534","스터디카페반","장산점","R1","예술·스포츠","R102","도서관·사적지","R10202","독서실/스터디 카페","L68112","비주거용 건물 임대업","26","부산광역시","26350","해운대구","26350552","좌2동","2635010700","좌동","2635010700114840001","1","대지",1484,1,"부산광역시 해운대구 좌동 1484-1","263503133010","부산광역시 해운대구 세실로",45,,"2635010700114840001007233","대승프라자","부산광역시 해운대구 세실로 45","612842","48111","","","",129.178282843311,35.1689851682075
"MA010120220809676420","릿스터디카페","사직점","R1","예술·스포츠","R102","도서관·사적지","R10202","독서실/스터디 카페","R90212","독서실 운영업","26","부산광역시","26260","동래구","26260580","사직1동","2626010900","사직동","2626010900100930037","1","대지",93,37,"부산광역시 동래구 사직동 93-37","262603130010","부산광역시 동래구 사직북로",12,,"2626010900100930037008102","덕성빌딩","부산광역시 동래구 사직북로 12","607817","47866","","6","",129.06084963634,35.1969491407652
"MA010120220808821868","북카페러리멘토즈스터디카페","부산남산역점","R1","예술·스포츠","R102","도서관·사적지","R10202","독서실/스터디 카페","R90212","독서실 운영업","26","부산광역시","26410","금정구","26410670","남산동","2641010400","남산동","2641010400101170004","1","대지",117,4,"부산광역시 금정구 남산동 117-4","264102000010","부산광역시 금정구 중앙대로",2027,,"2641010400101170004028304","새생명빌딩","부산광역시 금정구 중앙대로 2027","609814","46224","","2","",129.092117817626,35.2654495819943
"MA010120220809534069","부산반여점멘토즈스터디카페","","R1","예술·스포츠","R102","도서관·사적지","R10202","독서실/스터디 카페","L68112","비주거용 건물 임대업","26","부산광역시","26350","해운대구","26350570","반여1동","2635010300","반여동","2635010300114410068","1","대지",1441,68,"부산광역시 해운대구 반여동 1441-68","263503133009","부산광역시 해운대구 선수촌로",64,,"2635010300114410070000001","","부산광역시 해운대구 선수촌로 64","612811","48039","","5","",129.118974731401,35.1993068568636
"MA010120220813919836","지게이트","","R1","예술·스포츠","R102","도서관·사적지","R10202","독서실/스터디 카페","R90212","독서실 운영업","26","부산광역시","26380","사하구","26380510","괴정1동","2638010100","괴정동","2638010100104960004","1","대지",496,4,"부산광역시 사하구 괴정동 496-4","263804202306","부산광역시 사하구 사하로141번나길",30,,"2638010100104960004011692","","부산광역시 사하구 사하로141번나길 30","604812","49389","","","",128.990496194131,35.0945362058156
"MA010120220806526412","화이트펜슬스터디카페일광점","","R1","예술·스포츠","R102","도서관·사적지","R10202","독서실/스터디 카페","R90212","독서실 운영업","26","부산광역시","26710","기장군","26710259","일광읍","2671025921","일광읍","2671025921108250002","1","대지",825,2,"부산광역시 기장군 일광읍 삼성리 825-2","267103352374","부산광역시 기장군 일광읍 해빛로",13,,"2671031021108250002000001","일광제일프라자","부산광역시 기장군 일광읍 해빛로 13","619912","46048","","","",129.226424895672,35.2661875630972
"MA010120220803933453","별당스터디카페","","R1","예술·스포츠","R102","도서관·사적지","R10202","독서실/스터디 카페","R90212","독서실 운영업","26","부산광역시","26230","부산진구","26230710","가야1동","2623011000","가야동","2623011000100500005","1","대지",50,5,"부산광역시 부산진구 가야동 50-5","262302006015","부산광역시 부산진구 가야대로",623,,"2623011000100500005027496","크레인포마인오피스텔","부산광역시 부산진구 가야대로 623","614800","47273","","","",129.039847576691,35.1556440928427
"MA010120220812821583","솜니움음악연습실","","R1","예술·스포츠","R102","도서관·사적지","R10202","독서실/스터디 카페","N75999","그 외 기타 분류 안된 사업 지원 서비스업","26","부산광역시","26410","금정구","26410680","구서1동","2641010700","구서동","2641010700104130027","1","대지",413,27,"부산광역시 금정구 구서동 413-27","264103130022","부산광역시 금정구 금강로",429,1,"2641010700104130027013508","해금빌딩","부산광역시 금정구 금강로 429-1","609800","46242","","7","",129.088628156962,35.2459280393842
"MA010120220803678123","화이트펜슬스터디카페부산당리점","","R1","예술·스포츠","R102","도서관·사적지","R10202","독서실/스터디 카페","R90212","독서실 운영업","26","부산광역시","26380","사하구","26380550","당리동","2638010200","당리동","2638010200103200001","1","대지",320,1,"부산광역시 사하구 당리동 320-1","263804202139","부산광역시 사하구 낙동대로390번길",20,,"2638010200103200001011030","","부산광역시 사하구 낙동대로390번길 20","604831","49329","","","",128.97620863785,35.1040522149604
"MA010120220812676356","르하임스터디카페벡스코점","","R1","예술·스포츠","R102","도서관·사적지","R10202","독서실/스터디 카페","R90212","독서실 운영업","26","부산광역시","26350","해운대구","26350520","우2동","2635010500","우동","2635010500115030000","1","대지",1503,,"부산광역시 해운대구 우동 1503","263503133012","부산광역시 해운대구 센텀2로",15,,"2635010500115030000000001","센텀브라이빌딩","부산광역시 해운대구 센텀2로 15","612889","48060","","6","",129.132365559233,35.1676938319208
"MA010120220800086841","그루스터디카페부산센터","명지","R1","예술·스포츠","R102","도서관·사적지","R10202","독서실/스터디 카페","R90212","독서실 운영업","26","부산광역시","26440","강서구","26440545","명지2동","2644010400","명지동","2644010400132390008","1","대지",3239,8,"부산광역시 강서구 명지동 3239-8","264403136071","부산광역시 강서구 명지오션시티12로",75,,"2644010400132390008000001","올리브타운","부산광역시 강서구 명지오션시티12로 75","618814","46764","","","",128.904202551855,35.0822424341311
"MA010120220806501854","셀독","화명점","R1","예술·스포츠","R102","도서관·사적지","R10202","독서실/스터디 카페","R90212","독서실 운영업","26","부산광역시","26320","북구","26320542","화명2동","2632010200","화명동","2632010200101900001","1","대지",190,1,"부산광역시 북구 화명동 190-1","263202132001","부산광역시 북구 금곡대로",368,,"2632010200101900001000208","대진빌딩","부산광역시 북구 금곡대로 368","616833","46517","","3","",129.014264881655,35.2412324162651
"MA010120220806355850","초심스터디카페","부산대연점","R1","예술·스포츠","R102","도서관·사적지","R10202","독서실/스터디 카페","R90212","독서실 운영업","26","부산광역시","26290","남구","26290560","대연6동","2629010600","대연동","2629010600117670020","1","대지",1767,20,"부산광역시 남구 대연동 1767-20","262903131037","부산광역시 남구 수영로",169,,"2629010600117670020007132","썬인디알시티","부산광역시 남구 수영로 169","608817","48453","","4","",129.085099281103,35.1350119169829
"MA010120220814263790","화이트펜슬프리미엄스터디카페","안락점","R1","예술·스포츠","R102","도서관·사적지","R10202","독서실/스터디 카페","R90212","독서실 운영업","26","부산광역시","26260","동래구","26260750","안락2동","2626010200","안락동","2626010200101440065","1","대지",144,65,"부산광역시 동래구 안락동 144-65","262604190386","부산광역시 동래구 연안로59번길",36,,"2626010200101440065000001","","부산광역시 동래구 연안로59번길 36","607825","47898","","","",129.106252965958,35.1938696899498
"MA010120220808227895","지게이트","","R1","예술·스포츠","R102","도서관·사적지","R10202","독서실/스터디 카페","R90212","독서실 운영업","26","부산광역시","26440","강서구","26440535","명지1동","2644010400","명지동","2644010400134200005","1","대지",3420,5,"부산광역시 강서구 명지동 3420-5","264403350868","부산광역시 강서구 명지국제8로",264,,"2644010400125340000000001","","부산광역시 강서구 명지국제8로 264","618200","46772","","","",128.921467429203,35.0975697281592
"MA010120220809142039","플랜에이스터디카페부산사직센터","","R1","예술·스포츠","R102","도서관·사적지","R10202","독서실/스터디 카페","R90212","독서실 운영업","26","부산광역시","26260","동래구","26260590","사직2동","2626010900","사직동","2626010900100260005","1","대지",26,5,"부산광역시 동래구 사직동 26-5","262604190238","부산광역시 동래구 사직북로47번길",17,,"2626010900100260005021464","","부산광역시 동래구 사직북로47번길 17","607815","47860","","4","",129.0594612275,35.1989192699823
"MA010120220810790116","도트독서실","","R1","예술·스포츠","R102","도서관·사적지","R10202","독서실/스터디 카페","R90212","독서실 운영업","26","부산광역시","26260","동래구","26260750","안락2동","2626010200","안락동","2626010200104480002","1","대지",448,2,"부산광역시 동래구 안락동 448-2","262603130016","부산광역시 동래구 안락로",74,,"2626010200104480002020546","","부산광역시 동래구 안락로 74","607830","47790","","","",129.104986524687,35.1992445409255
"MA010120220811745742","우동점작심스페이스","해운대","R1","예술·스포츠","R102","도서관·사적지","R10202","독서실/스터디 카페","R90212","독서실 운영업","26","부산광역시","26350","해운대구","26350510","우1동","2635010500","우동","2635010500109630004","1","대지",963,4,"부산광역시 해운대구 우동 963-4","263504199271","부산광역시 해운대구 해운대로469번길",8,,"2635010500109630004000001","일부","부산광역시 해운대구 해운대로469번길 8","612820","48065","","3","",129.144869656029,35.1636881787272
"MA010120220809664442","스테이S스터디카페","","R1","예술·스포츠","R102","도서관·사적지","R10202","독서실/스터디 카페","L68112","비주거용 건물 임대업","26","부산광역시","26350","해운대구","26350552","좌2동","2635010700","좌동","2635010700114800004","1","대지",1480,4,"부산광역시 해운대구 좌동 1480-4","263504199126","부산광역시 해운대구 양운로42번길",16,,"2635010700114800004017846","스타빌딩","부산광역시 해운대구 양운로42번길 16","612842","48111","","","",129.177617895379,35.1683302871043
"MA010120220803048935","청담스페이스","","R1","예술·스포츠","R102","도서관·사적지","R10202","독서실/스터디 카페","R90212","독서실 운영업","26","부산광역시","26350","해운대구","26350525","우3동","2635010500","우동","2635010500114050000","1","대지",1405,,"부산광역시 해운대구 우동 1405","263503133004","부산광역시 해운대구 마린시티2로",2,,"2635010500114050000011274","마린파크","부산광역시 해운대구 마린시티2로 2","612020","48092","","","",129.144239431622,35.1593287860931
"MA010120220808699597","르하임스터디카페정관","신도시점","R1","예술·스포츠","R102","도서관·사적지","R10202","독서실/스터디 카페","L68112","비주거용 건물 임대업","26","부산광역시","26710","기장군","26710256","정관읍","2671025622","정관읍","2671025622107180004","1","대지",718,4,"부산광역시 기장군 정관읍 매학리 718-4","267103140047","부산광역시 기장군 정관읍 정관로",560,,"2671032022107180004000001","마치빌딩","부산광역시 기장군 정관읍 정관로 560","619963","46017","","","",129.175084889421,35.3213513569872
"MA010120220814163040","부산미남역점멘토즈스터디카페","","R1","예술·스포츠","R102","도서관·사적지","R10202","독서실/스터디 카페","R90212","독서실 운영업","26","부산광역시","26260","동래구","26260570","온천3동","2626010800","온천동","2626010800114110005","1","대지",1411,5,"부산광역시 동래구 온천동 1411-5","262602006012","부산광역시 동래구 아시아드대로",218,,"2626010800114110005009753","","부산광역시 동래구 아시아드대로 218","607842","47838","","2","",129.066861302605,35.2032718787145
"MA010120220805146437","타임유스터디카페","서면점","R1","예술·스포츠","R102","도서관·사적지","R10202","독서실/스터디 카페","R90212","독서실 운영업","26","부산광역시","26230","부산진구","26230520","부전2동","2623010300","부전동","2623010300101970001","1","대지",197,1,"부산광역시 부산진구 부전동 197-1","262304187520","부산광역시 부산진구 신천대로50번길",61,,"2623010300101970001001863","","부산광역시 부산진구 신천대로50번길 61","614845","47296","","6","",129.059743706946,35.1535681032207
"MA010120220813279034","패스아카데미독서실","","R1","예술·스포츠","R102","도서관·사적지","R10202","독서실/스터디 카페","R90212","독서실 운영업","26","부산광역시","26260","동래구","26260545","명륜동","2626010700","명륜동","2626010700104240000","1","대지",424,,"부산광역시 동래구 명륜동 424","262603130023","부산광역시 동래구 명륜로",106,,"2626010700104240000001911","","부산광역시 동래구 명륜로 106","607804","47814","","8","",129.083356447727,35.2034486655832
"MA010120220808983532","어라운드스터디카페부산구서점","","R1","예술·스포츠","R102","도서관·사적지","R10202","독서실/스터디 카페","R90212","독서실 운영업","26","부산광역시","26410","금정구","26410690","구서2동","2641010700","구서동","2641010700107180009","1","대지",718,9,"부산광역시 금정구 구서동 718-9","264103130022","부산광역시 금정구 금강로",477,,"2641010700107180009013866","제","부산광역시 금정구 금강로 477","609803","46232","","6","",129.087676177853,35.2499275333154
"MA010120220807103946","지게이트","","R1","예술·스포츠","R102","도서관·사적지","R10202","독서실/스터디 카페","R90212","독서실 운영업","26","부산광역시","26320","북구","26320543","화명3동","2632010200","화명동","2632010200122720002","1","대지",2272,2,"부산광역시 북구 화명동 2272-2","263204196053","부산광역시 북구 금곡대로303번길",35,,"2632010200122720002017576","해경타워빌딩","부산광역시 북구 금곡대로303번길 35","616852","46525","","","",129.011672845111,35.2354630567864
"MA010120220813193078","작심스터디카페부산모라점","","R1","예술·스포츠","R102","도서관·사적지","R10202","독서실/스터디 카페","R90212","독서실 운영업","26","부산광역시","26530","사상구","26530591","모라1동","2653010200","모라동","2653010200113470002","1","대지",1347,2,"부산광역시 사상구 모라동 1347-2","265302006008","부산광역시 사상구 백양대로",945,,"2653010200113470002015863","","부산광역시 사상구 백양대로 945","617818","46929","","5","",128.991509204999,35.1906120741919
"MA010120220805534206","피닉스스터디카페","","R1","예술·스포츠","R102","도서관·사적지","R10202","독서실/스터디 카페","L68112","비주거용 건물 임대업","26","부산광역시","26140","서구","26140590","부민동","2614010900","부민동1가","2614010900100160001","1","대지",16,1,"부산광역시 서구 부민동1가 16-1","261403006005","부산광역시 서구 구덕로",220,,"2614010900100160001023950","한웅캠퍼스","부산광역시 서구 구덕로 220","602816","49223","","12","",129.020294712823,35.1041724019863
"MA010120220812917031","리움스터디카페","","R1","예술·스포츠","R102","도서관·사적지","R10202","독서실/스터디 카페","R90212","독서실 운영업","26","부산광역시","26380","사하구","26380550","당리동","2638010200","당리동","2638010200103170012","1","대지",317,12,"부산광역시 사하구 당리동 317-12","263802006002","부산광역시 사하구 낙동대로",406,,"2638010200103170012032724","청아빌딩","부산광역시 사하구 낙동대로 406","604828","49328","","6","",128.974018787925,35.1037364420368
"MA010120220811828962","화이트펜슬스터디카페신도시점","해운대","R1","예술·스포츠","R102","도서관·사적지","R10202","독서실/스터디 카페","R90212","독서실 운영업","26","부산광역시","26350","해운대구","26350551","좌1동","2635010700","좌동","2635010700114660001","1","대지",1466,1,"부산광역시 해운대구 좌동 1466-1","263504199085","부산광역시 해운대구 세실로69번길",24,,"2635010700114660001009682","","부산광역시 해운대구 세실로69번길 24","612836","48106","","4","",129.176296066418,35.1718504662094
"MA010120220805326935","부산멘토즈스터디카페","시청점","R1","예술·스포츠","R102","도서관·사적지","R10202","독서실/스터디 카페","R90212","독서실 운영업","26","부산광역시","26470","연제구","26470690","연산5동","2647010200","연산동","2647010200113610009","1","대지",1361,9,"부산광역시 연제구 연산동 1361-9","264704211351","부산광역시 연제구 중앙대로1043번길",34,,"2647010200113610009006296","시청역SK뷰","부산광역시 연제구 중앙대로1043번길 34","611828","47542","","2","",129.076349798299,35.1822387409439
"MA010120220805195401","비허밍스터디카페부산","명지점","R1","예술·스포츠","R102","도서관·사적지","R10202","독서실/스터디 카페","R90212","독서실 운영업","26","부산광역시","26440","강서구","26440535","명지1동","2644010400","명지동","2644010400135970004","1","대지",3597,4,"부산광역시 강서구 명지동 3597-4","264403350852","부산광역시 강서구 명지국제2로",27,,"2644010400135970004000001","대산골든스퀘어","부산광역시 강서구 명지국제2로 27","618200","46726","","4","",128.906146155656,35.0941527859513
"MA010120220812129906","부산럭키멘토즈스터디카페","주례점","R1","예술·스포츠","R102","도서관·사적지","R10202","독서실/스터디 카페","R90212","독서실 운영업","26","부산광역시","26530","사상구","26530661","주례3동","2653010600","주례동","2653010600111620017","1","대지",1162,17,"부산광역시 사상구 주례동 1162-17","265302006015","부산광역시 사상구 가야대로",276,,"2653010600111620017016439","","부산광역시 사상구 가야대로 276","617838","47012","","","",129.002731686749,35.1500364370889
"MA010120220800826071","자격증공장독서실","","R1","예술·스포츠","R102","도서관·사적지","R10202","독서실/스터디 카페","R90212","독서실 운영업","26","부산광역시","26500","수영구","26500750","망미2동","2650010100","망미동","2650010100104120021","1","대지",412,21,"부산광역시 수영구 망미동 412-21","265003006054","부산광역시 수영구 과정로",58,1,"2650010100104120021002121","","부산광역시 수영구 과정로 58-1","613821","48218","","2","",129.107563032478,35.1765898774406
"MA010120220809615587","골든브릿지스터디카페","온천점","R1","예술·스포츠","R102","도서관·사적지","R10202","독서실/스터디 카페","R90212","독서실 운영업","26","부산광역시","26260","동래구","26260560","온천2동","2626010800","온천동","2626010800107790029","1","대지",779,29,"부산광역시 동래구 온천동 779-29","262604190461","부산광역시 동래구 중앙대로1367번길",72,,"2626010800107790029000694","","부산광역시 동래구 중앙대로1367번길 72","607835","47728","","3","",129.074213852355,35.2104724751755
"MA010120220808734796","아이비스터디카페","덕천점","R1","예술·스포츠","R102","도서관·사적지","R10202","독서실/스터디 카페","R90212","독서실 운영업","26","부산광역시","26320","북구","26320550","덕천1동","2632010400","덕천동","2632010400103800013","1","대지",380,13,"부산광역시 북구 덕천동 380-13","263204196199","부산광역시 북구 만덕대로65번길",3,,"2632010400103800013004096","메디앙오피스텔","부산광역시 북구 만덕대로65번길 3","616819","46555","","3","",129.011818449821,35.2120033720851
"MA010120220814032520","르하임스터디카페부산부암점","","R1","예술·스포츠","R102","도서관·사적지","R10202","독서실/스터디 카페","R90212","독서실 운영업","26","부산광역시","26230","부산진구","26230660","부암3동","2623010800","부암동","2623010800107220003","1","대지",722,3,"부산광역시 부산진구 부암동 722-3","262304187312","부산광역시 부산진구 백양산로54번길",3,,"2623010800206200012013875","골든박스","부산광역시 부산진구 백양산로54번길 3","614093","47148","","4","",129.031064870122,35.173995269196
"MA010120220813345497","초심스터디카페","부산대점","R1","예술·스포츠","R102","도서관·사적지","R10202","독서실/스터디 카페","R90212","독서실 운영업","26","부산광역시","26410","금정구","26410610","장전2동","2641010800","장전동","2641010800104200001","1","대지",420,1,"부산광역시 금정구 장전동 420-1","264103135026","부산광역시 금정구 부산대학로",49,,"2641010800104200001011219","오션프라자","부산광역시 금정구 부산대학로 49","609392","46293","","6","",129.085668098579,35.2311462345355
"MA010120220808763850","플랜트스터디카페","연산점","R1","예술·스포츠","R102","도서관·사적지","R10202","독서실/스터디 카페","L68112","비주거용 건물 임대업","26","부산광역시","26470","연제구","26470650","연산1동","2647010200","연산동","2647010200106150103","1","대지",615,103,"부산광역시 연제구 연산동 615-103","264703137019","부산광역시 연제구 쌍미천로",175,2,"2647010200106150103018783","","부산광역시 연제구 쌍미천로 175-2","611814","47551","","4","",129.087208233251,35.1883601015166
"MA010120220808597081","화명코오롱점멘토즈스터디카페","","R1","예술·스포츠","R102","도서관·사적지","R10202","독서실/스터디 카페","R90212","독서실 운영업","26","부산광역시","26320","북구","26320543","화명3동","2632010200","화명동","2632010200122870001","1","대지",2287,1,"부산광역시 북구 화명동 2287-1","263204196051","부산광역시 북구 금곡대로285번길",19,,"2632010200122870001006386","리버사이드빌딩","부산광역시 북구 금곡대로285번길 19","616852","46526","","","",129.012322909671,35.2337670754076
"MA010120220809998700","어썸팩토리독서실","명지","R1","예술·스포츠","R102","도서관·사적지","R10202","독서실/스터디 카페","R90212","독서실 운영업","26","부산광역시","26440","강서구","26440545","명지2동","2644010400","명지동","2644010400132380000","1","대지",3238,,"부산광역시 강서구 명지동 3238","264403136039","부산광역시 강서구 명지오션시티11로",66,,"2644010400132380000000001","","부산광역시 강서구 명지오션시티11로 66","618814","46765","","","",128.903158611712,35.0840251815594
"MA010120220811590735","정독서실","","R1","예술·스포츠","R102","도서관·사적지","R10202","독서실/스터디 카페","R90212","독서실 운영업","26","부산광역시","26410","금정구","26410610","장전2동","2641010800","장전동","2641010800103600024","1","대지",360,24,"부산광역시 금정구 장전동 360-24","264103135047","부산광역시 금정구 장전로",51,,"2641010800103600024025490","","부산광역시 금정구 장전로 51","609840","46294","","","",129.083478774327,35.2292825309391
"MA010120220806156990","무한스터디카페","다대점","R1","예술·스포츠","R102","도서관·사적지","R10202","독서실/스터디 카페","L68112","비주거용 건물 임대업","26","부산광역시","26380","사하구","26380601","다대1동","2638010600","다대동","2638010600115480000","1","대지",1548,,"부산광역시 사하구 다대동 1548","263804202164","부산광역시 사하구 다대낙조2길",85,,"2638010600115480000000001","케이프포인트","부산광역시 사하구 다대낙조2길 85","604827","49501","","4","",128.961540580163,35.0529586753789
"MA010120220812069728","더블유","","R1","예술·스포츠","R102","도서관·사적지","R10202","독서실/스터디 카페","R90212","독서실 운영업","26","부산광역시","26230","부산진구","26230520","부전2동","2623010300","부전동","2623010300101870007","1","대지",187,7,"부산광역시 부산진구 부전동 187-7","262304187685","부산광역시 부산진구 중앙대로680번가길",33,7,"2623010300101870007033659","","부산광역시 부산진구 중앙대로680번가길 33-7","614845","47295","","3","",129.060357485378,35.1548463255472
"MA010120220803408457","토즈멤버십라운지구서센터","","R1","예술·스포츠","R102","도서관·사적지","R10202","독서실/스터디 카페","R90212","독서실 운영업","26","부산광역시","26410","금정구","26410680","구서1동","2641010700","구서동","2641010700102580048","1","대지",258,48,"부산광역시 금정구 구서동 258-48","264103130022","부산광역시 금정구 금강로",448,,"2641010700102580048016265","위클라우드3","부산광역시 금정구 금강로 448","609847","46243","","","",129.088986099584,35.2474628168533
"MA010120220811040982","당감화승점멘토즈스터디카페","","R1","예술·스포츠","R102","도서관·사적지","R10202","독서실/스터디 카페","L68112","비주거용 건물 임대업","26","부산광역시","26230","부산진구","26230660","부암3동","2623010800","부암동","2623010800105040000","1","대지",504,,"부산광역시 부산진구 부암동 504","262303129007","부산광역시 부산진구 당감서로",88,,"2623010800105040000000001","","부산광역시 부산진구 당감서로 88","614839","47142","","5","",129.036863354124,35.1684187831292
"MA010120220814274668","비허밍스터디카페부산좌동점","","R1","예술·스포츠","R102","도서관·사적지","R10202","독서실/스터디 카페","R90212","독서실 운영업","26","부산광역시","26350","해운대구","26350554","좌4동","2635010700","좌동","2635010700114070002","1","대지",1407,2,"부산광역시 해운대구 좌동 1407-2","263503133039","부산광역시 해운대구 좌동순환로",173,,"2635010700114070002026799","영풍프라자","부산광역시 해운대구 좌동순환로 173","612863","48075","","10","",129.175278913534,35.1781586821504
"MA010120220813471941","화이트펜슬부산","남산점","R1","예술·스포츠","R102","도서관·사적지","R10202","독서실/스터디 카페","R90212","독서실 운영업","26","부산광역시","26410","금정구","26410670","남산동","2641010400","남산동","2641010400101300040","1","대지",130,40,"부산광역시 금정구 남산동 130-40","264103135020","부산광역시 금정구 두실로",14,,"2641010400101300040010759","","부산광역시 금정구 두실로 14","609814","46227","","","",129.089820405278,35.2607042336203
"MA010120220804726615","골든브릿지스터디카페","교대점","R1","예술·스포츠","R102","도서관·사적지","R10202","독서실/스터디 카페","R90212","독서실 운영업","26","부산광역시","26470","연제구","26470610","거제1동","2647010100","거제동","2647010100100890011","1","대지",89,11,"부산광역시 연제구 거제동 89-11","264704211121","부산광역시 연제구 교대로16번길",5,,"2647010100100890011000877","","부산광역시 연제구 교대로16번길 5","611802","47505","","2","",129.078020546321,35.1956913486792
"MA010120220807011821","에스플랜스터디카페신","만덕점","R1","예술·스포츠","R102","도서관·사적지","R10202","독서실/스터디 카페","R90212","독서실 운영업","26","부산광역시","26320","북구","26320572","만덕2동","2632010300","만덕동","2632010300108350002","1","대지",835,2,"부산광역시 북구 만덕동 835-2","263204196122","부산광역시 북구 덕천로276번길",32,16,"2632010300108350002017572","","부산광역시 북구 덕천로276번길 32-16","616827","46611","","2","",129.033225114053,35.2082752963741
"MA010120220804683216","다다르다부산다대센터","","R1","예술·스포츠","R102","도서관·사적지","R10202","독서실/스터디 카페","R90212","독서실 운영업","26","부산광역시","26380","사하구","26380602","다대2동","2638010600","다대동","2638010600103090002","1","대지",309,2,"부산광역시 사하구 다대동 309-2","263803134007","부산광역시 사하구 다대로",483,,"2638010600103090002020595","현대빌딩","부산광역시 사하구 다대로 483","604052","49520","","","",128.976319888517,35.0614061979471
"MA010120220806778893","비허밍스터디카페부산학장점","","R1","예술·스포츠","R102","도서관·사적지","R10202","독서실/스터디 카페","R90212","독서실 운영업","26","부산광역시","26530","사상구","26530670","학장동","2653010700","학장동","2653010700101680025","1","대지",168,25,"부산광역시 사상구 학장동 168-25","265302006017","부산광역시 사상구 학감대로",103,,"2653010700101680025000001","학장로교회","부산광역시 사상구 학감대로 103","617842","47053","","2","",128.989078271581,35.1404025504934
"MA010120220804143282","하우스터디부산정관스터디카페","","R1","예술·스포츠","R102","도서관·사적지","R10202","독서실/스터디 카페","R90212","독서실 운영업","26","부산광역시","26710","기장군","26710256","정관읍","2671025622","정관읍","2671025622107210010","1","대지",721,10,"부산광역시 기장군 정관읍 매학리 721-10","267103140044","부산광역시 기장군 정관읍 정관6로",19,2,"2671025622107210010000001","","부산광역시 기장군 정관읍 정관6로 19-2","619963","46017","","3","",129.176391566886,35.3200572564178
"MA010120220800143708","지게이트","","R1","예술·스포츠","R102","도서관·사적지","R10202","독서실/스터디 카페","R90212","독서실 운영업","26","부산광역시","26380","사하구","26380562","하단2동","2638010300","하단동","2638010300104770003","1","대지",477,3,"부산광역시 사하구 하단동 477-3","263802006002","부산광역시 사하구 낙동대로",557,,"2638010300104770003002533","","부산광역시 사하구 낙동대로 557","604851","49303","","2","",128.963272391279,35.1133464333322
"MA010120220812113686","디플레이스스터디카페명륜점","","R1","예술·스포츠","R102","도서관·사적지","R10202","독서실/스터디 카페","R90212","독서실 운영업","26","부산광역시","26260","동래구","26260545","명륜동","2626010700","명륜동","2626010700106960091","1","대지",696,91,"부산광역시 동래구 명륜동 696-91","262603130023","부산광역시 동래구 명륜로",189,4,"2626010700106960091014251","타임빌딩","부산광역시 동래구 명륜로 189-4","607847","47742","","2","",129.082381357679,35.2108368642547
"MA010120220811146483","테드프리미엄독서실","","R1","예술·스포츠","R102","도서관·사적지","R10202","독서실/스터디 카페","R90212","독서실 운영업","26","부산광역시","26350","해운대구","26350650","재송1동","2635010400","재송동","2635010400112000000","1","대지",1200,,"부산광역시 해운대구 재송동 1200","263503133020","부산광역시 해운대구 센텀중앙로",145,,"2635010400112000000003828","더샵센텀파크1차","부산광역시 해운대구 센텀중앙로 145","612712","48050","","","",129.12359158515,35.1767603782427
"MA010120220806365013","엘드레브스터디카페","","R1","예술·스포츠","R102","도서관·사적지","R10202","독서실/스터디 카페","R90212","독서실 운영업","26","부산광역시","26200","영도구","26200540","영선1동","2620010900","영선동2가","2620010900101720000","1","대지",172,,"부산광역시 영도구 영선동2가 172","262004184047","부산광역시 영도구 남항시장길",324,,"2620010900101720000021885","","부산광역시 영도구 남항시장길 324","606042","49070","","2","",129.042771950276,35.0877997743544
"MA010120220806458803","더힐스터디카페","","R1","예술·스포츠","R102","도서관·사적지","R10202","독서실/스터디 카페","R90212","독서실 운영업","26","부산광역시","26290","남구","26290530","대연3동","2629010600","대연동","2629010600118580000","1","대지",1858,,"부산광역시 남구 대연동 1858","262903131037","부산광역시 남구 수영로",345,,"2629010600101100001000001","대연힐스테이트푸르지오","부산광역시 남구 수영로 345","608745","48432","","2","",129.10352241888,35.1398840660952
"MA010120220808788028","공감스터디카페구서점","","R1","예술·스포츠","R102","도서관·사적지","R10202","독서실/스터디 카페","R90212","독서실 운영업","26","부산광역시","26410","금정구","26410690","구서2동","2641010700","구서동","2641010700102510024","1","대지",251,24,"부산광역시 금정구 구서동 251-24","264103130022","부산광역시 금정구 금강로",494,,"2641010700102510024009128","","부산광역시 금정구 금강로 494","609804","46233","","","",129.088011007364,35.2514176544667
"MA010120220802864329","비허밍스터디카페","부산대연점","R1","예술·스포츠","R102","도서관·사적지","R10202","독서실/스터디 카페","I56221","커피 전문점","26","부산광역시","26290","남구","26290510","대연1동","2629010600","대연동","2629010600117520022","1","대지",1752,22,"부산광역시 남구 대연동 1752-22","262903131037","부산광역시 남구 수영로",206,,"2629010600117520022007231","","부산광역시 남구 수영로 206","608813","48492","","4","",129.089139636826,35.1347170147472
"MA010120220806588054","세인트스터디까페","","R1","예술·스포츠","R102","도서관·사적지","R10202","독서실/스터디 카페","R90212","독서실 운영업","26","부산광역시","26230","부산진구","26230560","양정1동","2623010100","양정동","2623010100103530018","1","대지",353,18,"부산광역시 부산진구 양정동 353-18","262303129034","부산광역시 부산진구 양지로",3,,"2623010100103530021051667","","부산광역시 부산진구 양지로 3","614853","47229","","3","",129.069555456612,35.170117351022
"MA010120220814351031","그로우랩스터디&워크라운지","","R1","예술·스포츠","R102","도서관·사적지","R10202","독서실/스터디 카페","R90212","독서실 운영업","26","부산광역시","26200","영도구","26200530","남항동","2620010600","남항동2가","2620010600100520000","1","대지",52,,"부산광역시 영도구 남항동2가 52","262003128020","부산광역시 영도구 절영로",58,,"2620010600100520000015809","영도메디칼타운","부산광역시 영도구 절영로 58","606802","49046","","4","",129.038191359079,35.0892106237648
"MA010120220808696136","엘리트21프리미엄스터디카페","","R1","예술·스포츠","R102","도서관·사적지","R10202","독서실/스터디 카페","R90212","독서실 운영업","26","부산광역시","26140","서구","26140540","서대신1동","2614010500","서대신동2가","2614010500101260004","1","대지",126,4,"부산광역시 서구 서대신동2가 126-4","261403125009","부산광역시 서구 대영로",41,1,"2614010500101260004004734","","부산광역시 서구 대영로 41-1","602819","49234","","2","",129.016009292512,35.1096057713405
"MA010120220805481897","리즈스터디카페","","R1","예술·스포츠","R102","도서관·사적지","R10202","독서실/스터디 카페","R90212","독서실 운영업","26","부산광역시","26380","사하구","26380572","신평2동","2638010400","신평동","2638010400105900004","1","대지",590,4,"부산광역시 사하구 신평동 590-4","263803134034","부산광역시 사하구 하신번영로",187,1,"2638010400105900004003711","","부산광역시 사하구 하신번영로 187-1","604838","49431","","","",128.959730509154,35.0987144063725
"MA010120220806491782","이루리스터디카페","연산점","R1","예술·스포츠","R102","도서관·사적지","R10202","독서실/스터디 카페","S96999","그 외 기타 달리 분류되지 않은 개인 서비스업","26","부산광역시","26470","연제구","26470650","연산1동","2647010200","연산동","2647010200105890007","1","대지",589,7,"부산광역시 연제구 연산동 589-7","264704211058","부산광역시 연제구 고분로13번길",81,,"2647010200105890007022060","","부산광역시 연제구 고분로13번길 81","611814","47551","","3","",129.086692854604,35.1888105512253
"MA010120220802833166","토즈멤버십라운지다대센터","","R1","예술·스포츠","R102","도서관·사적지","R10202","독서실/스터디 카페","R90212","독서실 운영업","26","부산광역시","26380","사하구","26380601","다대1동","2638010600","다대동","2638010600115510025","1","대지",1551,25,"부산광역시 사하구 다대동 1551-25","263803134007","부산광역시 사하구 다대로",636,,"2638010600115510025033289","일부","부산광역시 사하구 다대로 636","604827","49503","","6","",128.969870720948,35.0498136625682
"MA010120220812627464","화이트펜슬부산법원","아시아드점","R1","예술·스포츠","R102","도서관·사적지","R10202","독서실/스터디 카페","R90212","독서실 운영업","26","부산광역시","26260","동래구","26260600","사직3동","2626010900","사직동","2626010900101370008","1","대지",137,8,"부산광역시 동래구 사직동 137-8","262603130025","부산광역시 동래구 미남로",62,,"2626010900101370008007485","","부산광역시 동래구 미남로 62","607818","47829","","2","",129.070460408812,35.1997319095769
"MA010120220805523189","폴인","","R1","예술·스포츠","R102","도서관·사적지","R10202","독서실/스터디 카페","R90212","독서실 운영업","26","부산광역시","26440","강서구","26440590","신호동","2644011700","신호동","2644011700103040011","1","대지",304,11,"부산광역시 강서구 신호동 304-11","264404208449","부산광역시 강서구 신호산단1로98번길",109,,"2644011700103040011000001","","부산광역시 강서구 신호산단1로98번길 109","618290","46760","","4","",128.877222986044,35.0808517966126
"MA010120220805398070","하영차스터디","","R1","예술·스포츠","R102","도서관·사적지","R10202","독서실/스터디 카페","R90212","독서실 운영업","26","부산광역시","26380","사하구","26380562","하단2동","2638010300","하단동","2638010300104920002","1","대지",492,2,"부산광역시 사하구 하단동 492-2","263802006002","부산광역시 사하구 낙동대로",542,,"2638010300104920002017287","대우에덴프라자","부산광역시 사하구 낙동대로 542","604851","49324","","1","",128.964731630412,35.1124576439025
"MA010120220812984492","르하임스터디카페부산좌동점","","R1","예술·스포츠","R102","도서관·사적지","R10202","독서실/스터디 카페","R90212","독서실 운영업","26","부산광역시","26350","해운대구","26350554","좌4동","2635010700","좌동","2635010700114070005","1","대지",1407,5,"부산광역시 해운대구 좌동 1407-5","263503133039","부산광역시 해운대구 좌동순환로",181,,"2635010700114070005011053","진성빌딩","부산광역시 해운대구 좌동순환로 181","612863","48075","","7","",129.176020326456,35.1779741427115
"MA010120220811423816","작심스터디카페센텀시티점","해운대","R1","예술·스포츠","R102","도서관·사적지","R10202","독서실/스터디 카페","R90212","독서실 운영업","26","부산광역시","26350","해운대구","26350520","우2동","2635010500","우동","2635010500114580000","1","대지",1458,,"부산광역시 해운대구 우동 1458","263503133016","부산광역시 해운대구 센텀6로",21,,"2635010500114580000000001","인텔리움센텀","부산광역시 해운대구 센텀6로 21","612022","48059","","2","",129.129216301642,35.1735976939893
"MA010120220808108571","하우스터디부산사직센터모임공간","","R1","예술·스포츠","R102","도서관·사적지","R10202","독서실/스터디 카페","R90212","독서실 운영업","26","부산광역시","26260","동래구","26260600","사직3동","2626010900","사직동","2626010900101070010","1","대지",107,10,"부산광역시 동래구 사직동 107-10","262602006012","부산광역시 동래구 아시아드대로",142,,"2626010900101070010007818","사직빌딩","부산광역시 동래구 아시아드대로 142","607821","47842","","8","",129.066002163736,35.1970956084621
"MA010120220810054035","봄날스터디카페","","R1","예술·스포츠","R102","도서관·사적지","R10202","독서실/스터디 카페","L68112","비주거용 건물 임대업","26","부산광역시","26230","부산진구","26230660","부암3동","2623010800","부암동","2623010800107220002","1","대지",722,2,"부산광역시 부산진구 부암동 722-2","262304187312","부산광역시 부산진구 백양산로54번길",5,,"2623010800106210002041440","대영빌딩","부산광역시 부산진구 백양산로54번길 5","614093","47148","","7","",129.031187789111,35.1740833238113
"MA010120220813494224","해빙스터디카페","","R1","예술·스포츠","R102","도서관·사적지","R10202","독서실/스터디 카페","R90212","독서실 운영업","26","부산광역시","26140","서구","26140570","서대신4동","2614010600","서대신동3가","2614010600100610053","1","대지",61,53,"부산광역시 서구 서대신동3가 61-53","261404178208","부산광역시 서구 보수대로280번길",29,,"2614010600100610053006200","","부산광역시 서구 보수대로280번길 29","602821","49202","","","",129.015882274104,35.1195839043614
"MA010120220814358151","연제멘토즈스터디카페","구청점","R1","예술·스포츠","R102","도서관·사적지","R10202","독서실/스터디 카페","R90212","독서실 운영업","26","부산광역시","26470","연제구","26470660","연산2동","2647010200","연산동","2647010200108440058","1","대지",844,58,"부산광역시 연제구 연산동 844-58","264703129046","부산광역시 연제구 진남로",621,,"2647010200108440059018411","","부산광역시 연제구 진남로 621","611840","47607","","2","",129.081224109369,35.1749548155922
"MA010120220814095714","로체스터디카페","","R1","예술·스포츠","R102","도서관·사적지","R10202","독서실/스터디 카페","R90212","독서실 운영업","26","부산광역시","26440","강서구","26440535","명지1동","2644010400","명지동","2644010400134200004","1","대지",3420,4,"부산광역시 강서구 명지동 3420-4","264403350868","부산광역시 강서구 명지국제8로",260,,"2644010400134200004000001","","부산광역시 강서구 명지국제8로 260","618200","46772","","3","",128.921150189403,35.0976017929318
"MA010120220803545953","르하임스터디카페","부산대점","R1","예술·스포츠","R102","도서관·사적지","R10202","독서실/스터디 카페","R90212","독서실 운영업","26","부산광역시","26410","금정구","26410610","장전2동","2641010800","장전동","2641010800104140023","1","대지",414,23,"부산광역시 금정구 장전동 414-23","264103135026","부산광역시 금정구 부산대학로",29,,"2641010800104140023000001","외","부산광역시 금정구 부산대학로 29","609392","46291","","2","",129.08802028584,35.2307902637675
"MA010120220813351835","두잇스터디카페부산신평센터","","R1","예술·스포츠","R102","도서관·사적지","R10202","독서실/스터디 카페","P85699","그 외 기타 분류 안된 교육기관","26","부산광역시","26380","사하구","26380572","신평2동","2638010400","신평동","2638010400105880003","1","대지",588,3,"부산광역시 사하구 신평동 588-3","263804202513","부산광역시 사하구 하신번영로201번길",9,,"2638010400105880003000583","","부산광역시 사하구 하신번영로201번길 9","604838","49431","","6","",128.957706155444,35.0988913125313
"MA010120220810669384","닉스곤","","R1","예술·스포츠","R102","도서관·사적지","R10202","독서실/스터디 카페","R90212","독서실 운영업","26","부산광역시","26350","해운대구","26350570","반여1동","2635010300","반여동","2635010300108900004","1","대지",890,4,"부산광역시 해운대구 반여동 890-4","263503133009","부산광역시 해운대구 선수촌로",175,,"2635010300108900004019398","","부산광역시 해운대구 선수촌로 175","612809","48032","","1","",129.123418691379,35.2084927362488
"MA010120220813213292","부산멘토즈스터디카페","온천점","R1","예술·스포츠","R102","도서관·사적지","R10202","독서실/스터디 카페","R90212","독서실 운영업","26","부산광역시","26260","동래구","26260550","온천1동","2626010800","온천동","2626010800101850006","1","대지",185,6,"부산광역시 동래구 온천동 185-6","262603130019","부산광역시 동래구 차밭골로",13,,"2626010800101850006012864","메디컬센터빌딩","부산광역시 동래구 차밭골로 13","607833","47713","","11","",129.079769220446,35.2160453769641
"MA010120220809999928","우리들스터디카페","","R1","예술·스포츠","R102","도서관·사적지","R10202","독서실/스터디 카페","L68112","비주거용 건물 임대업","26","부산광역시","26320","북구","26320572","만덕2동","2632010300","만덕동","2632010300108690007","1","대지",869,7,"부산광역시 북구 만덕동 869-7","263204196275","부산광역시 북구 상리로48번길",4,,"2632010300108690007012564","","부산광역시 북구 상리로48번길 4","616831","46614","","","",129.039125973998,35.2080228256389
"MA010120220814363259","골든브릿지","안락점","R1","예술·스포츠","R102","도서관·사적지","R10202","독서실/스터디 카페","R90212","독서실 운영업","26","부산광역시","26260","동래구","26260740","안락1동","2626010200","안락동","2626010200104470018","1","대지",447,18,"부산광역시 동래구 안락동 447-18","262603130005","부산광역시 동래구 명안로",25,,"2626010200104470018020520","","부산광역시 동래구 명안로 25","607828","47789","","","",129.104315791856,35.1987785950317
"MA010120220800146484","인베이스터디카페","기장점","R1","예술·스포츠","R102","도서관·사적지","R10202","독서실/스터디 카페","S96999","그 외 기타 달리 분류되지 않은 개인 서비스업","26","부산광역시","26710","기장군","26710250","기장읍","2671025026","기장읍","2671025026102440002","1","대지",244,2,"부산광역시 기장군 기장읍 대라리 244-2","267103140053","부산광역시 기장군 기장읍 차성서로",57,,"2671025026102440002000001","","부산광역시 기장군 기장읍 차성서로 57","619903","46068","","","",129.210123174648,35.2383986619832
"MA010120220813041486","어라운드스터디카페부경대점","경성대","R1","예술·스포츠","R102","도서관·사적지","R10202","독서실/스터디 카페","R90212","독서실 운영업","26","부산광역시","26290","남구","26290530","대연3동","2629010600","대연동","2629010600100550018","1","대지",55,18,"부산광역시 남구 대연동 55-18","262904193211","부산광역시 남구 용소로7번길",9,,"2629010600100550018000359","중앙프라자","부산광역시 남구 용소로7번길 9","608804","48508","","5","",129.10077272262,35.1370480842041
"MA010120220805020644","플랜에이스터디카페부산영도센터","","R1","예술·스포츠","R102","도서관·사적지","R10202","독서실/스터디 카페","R90212","독서실 운영업","26","부산광역시","26200","영도구","26200650","동삼1동","2620012100","동삼동","2620012100105100024","1","대지",510,24,"부산광역시 영도구 동삼동 510-24","262003128023","부산광역시 영도구 중리로",46,8,"2620012100105100024000001","라온빌딩","부산광역시 영도구 중리로 46-8","606809","49115","","3","",129.068682503786,35.0749151710246
"MA010120220803783576","더파고백양점","","R1","예술·스포츠","R102","도서관·사적지","R10202","독서실/스터디 카페","R90212","독서실 운영업","26","부산광역시","26230","부산진구","26230760","개금3동","2623011100","개금동","2623011100100010012","1","대지",1,12,"부산광역시 부산진구 개금동 1-12","262304187279","부산광역시 부산진구 백양관문로77번길",42,,"2623011100100010017013198","동원화인패밀리","부산광역시 부산진구 백양관문로77번길 42","614777","47164","","3","",129.027518156156,35.1650881012167
"MA010120220812632146","시작스터디카페","","R1","예술·스포츠","R102","도서관·사적지","R10202","독서실/스터디 카페","R90212","독서실 운영업","26","부산광역시","26140","서구","26140530","동대신3동","2614010300","동대신동3가","2614010300105110000","1","대지",511,,"부산광역시 서구 동대신동3가 511","261404178054","부산광역시 서구 구덕로322번길",7,,"2614010300105100000004214","","부산광역시 서구 구덕로322번길 7","602813","49211","","3","",129.016731324822,35.1126487452256
"MA010120220811814146","더스토리","","R1","예술·스포츠","R102","도서관·사적지","R10202","독서실/스터디 카페","R90212","독서실 운영업","26","부산광역시","26410","금정구","26410610","장전2동","2641010800","장전동","2641010800104220003","1","대지",422,3,"부산광역시 금정구 장전동 422-3","264103006033","부산광역시 금정구 금정로",57,,"2641010800104220003026249","","부산광역시 금정구 금정로 57","609392","46293","","1","",129.086048585904,35.229706850356
"MA010120220813197287","베이직스터디카페","","R1","예술·스포츠","R102","도서관·사적지","R10202","독서실/스터디 카페","R90212","독서실 운영업","26","부산광역시","26380","사하구","26380610","구평동","2638010700","구평동","2638010700105040001","1","대지",504,1,"부산광역시 사하구 구평동 504-1","263804853449","부산광역시 사하구 서포로30번길",10,,"2638010700105040001000001","구평빌딩","부산광역시 사하구 서포로30번길 10","604060","49459","","4","",128.985442760357,35.0828315886241
"MA010120220803405127","에이플러스스터디카페","","R1","예술·스포츠","R102","도서관·사적지","R10202","독서실/스터디 카페","R90212","독서실 운영업","26","부산광역시","26410","금정구","26410610","장전2동","2641010800","장전동","2641010800104190020","1","대지",419,20,"부산광역시 금정구 장전동 419-20","264103130022","부산광역시 금정구 금강로",247,8,"2641010800104190020012130","","부산광역시 금정구 금강로 247-8","609840","46288","","1","",129.084397474699,35.230420177708
"MA010120220812054421","몽드스터디카페","명지점","R1","예술·스포츠","R102","도서관·사적지","R10202","독서실/스터디 카페","R90212","독서실 운영업","26","부산광역시","26440","강서구","26440535","명지1동","2644010400","명지동","2644010400135970005","1","대지",3597,5,"부산광역시 강서구 명지동 3597-5","264403350852","부산광역시 강서구 명지국제2로",29,,"2644010400135970005000001","성광타워","부산광역시 강서구 명지국제2로 29","618200","46726","","","",128.90678209239,35.0941517954205
"MA010120220814047233","부산멘토즈스터디카페","정관점","R1","예술·스포츠","R102","도서관·사적지","R10202","독서실/스터디 카페","R90212","독서실 운영업","26","부산광역시","26710","기장군","26710256","정관읍","2671025622","정관읍","2671025622107170002","1","대지",717,2,"부산광역시 기장군 정관읍 매학리 717-2","267103140047","부산광역시 기장군 정관읍 정관로",581,,"2671032022107170002000001","성원프라자","부산광역시 기장군 정관읍 정관로 581","619963","46015","","2","",129.177478916136,35.3212451690758
"MA010120220812579613","화이트펜슬스터디카페수영","민락점","R1","예술·스포츠","R102","도서관·사적지","R10202","독서실/스터디 카페","R90212","독서실 운영업","26","부산광역시","26500","수영구","26500730","수영동","2650010200","수영동","2650010200105290000","1","대지",529,,"부산광역시 수영구 수영동 529","265003131037","부산광역시 수영구 수영로",775,,"2650010200105290000013953","영화빌딩","부산광역시 수영구 수영로 775","613832","48222","","3","",129.123355054833,35.1664013245801
"MA010120220811823875","르하임스터디카페구남역점","","R1","예술·스포츠","R102","도서관·사적지","R10202","독서실/스터디 카페","R90212","독서실 운영업","26","부산광역시","26320","북구","26320520","구포2동","2632010500","구포동","2632010500110870013","1","대지",1087,13,"부산광역시 북구 구포동 1087-13","263202006008","부산광역시 북구 백양대로",1021,,"2632010500110870013006355","해인빌딩","부산광역시 북구 백양대로 1021","616807","46650","","7","",128.994681453688,35.1968860587357
"MA010120220808120136","시너지플레이스스터디카페부산대연역점","","R1","예술·스포츠","R102","도서관·사적지","R10202","독서실/스터디 카페","R90212","독서실 운영업","26","부산광역시","26290","남구","26290550","대연5동","2629010600","대연동","2629010600117410008","1","대지",1741,8,"부산광역시 남구 대연동 1741-8","262903131037","부산광역시 남구 수영로",237,,"2629010600117410008007053","대연메디타워","부산광역시 남구 수영로 237","608807","48445","","","",129.092635373134,35.135431673683
"MA010120220806616011","멘토즈스터디카페","부산대점","R1","예술·스포츠","R102","도서관·사적지","R10202","독서실/스터디 카페","R90212","독서실 운영업","26","부산광역시","26410","금정구","26410610","장전2동","2641010800","장전동","2641010800104150023","1","대지",415,23,"부산광역시 금정구 장전동 415-23","264103006033","부산광역시 금정구 금정로",72,,"2641010800104150023022576","멘토즈스터디카페부산대점","부산광역시 금정구 금정로 72","609392","46291","","5","",129.086772953624,35.2309739892305
"MA010120220809791290","아띠빌","","R1","예술·스포츠","R102","도서관·사적지","R10202","독서실/스터디 카페","R90212","독서실 운영업","26","부산광역시","26410","금정구","26410580","부곡2동","2641010900","부곡동","2641010900103650016","1","대지",365,16,"부산광역시 금정구 부곡동 365-16","264104205138","부산광역시 금정구 동부곡로15번길",106,17,"2641010900103650016010603","","부산광역시 금정구 동부곡로15번길 106-17","609822","46270","","","",129.094990793463,35.230651749179
"MA010120220807202405","작심스터디카페","","R1","예술·스포츠","R102","도서관·사적지","R10202","독서실/스터디 카페","R90212","독서실 운영업","26","부산광역시","26260","동래구","26260560","온천2동","2626010800","온천동","2626010800108510000","1","대지",851,,"부산광역시 동래구 온천동 851","262603006023","부산광역시 동래구 우장춘로",46,,"2626010800108510000005500","조광빌딩","부산광역시 동래구 우장춘로 46","607838","47729","","5","",129.071303595157,35.2117478860864
"MA010120220804390594","초이스스터디카페진양티엔에스동래지점","","R1","예술·스포츠","R102","도서관·사적지","R10202","독서실/스터디 카페","R90212","독서실 운영업","26","부산광역시","26260","동래구","26260580","사직1동","2626010900","사직동","2626010900100710008","1","대지",71,8,"부산광역시 동래구 사직동 71-8","262603130011","부산광역시 동래구 석사로",38,,"2626010900100710008008875","","부산광역시 동래구 석사로 38","607817","47858","","3","",129.063587092353,35.1997050996229
"MA010120220800519652","세키고와스터디카페","","R1","예술·스포츠","R102","도서관·사적지","R10202","독서실/스터디 카페","S96999","그 외 기타 달리 분류되지 않은 개인 서비스업","26","부산광역시","26200","영도구","26200590","봉래1동","2620011700","봉래동3가","2620011700100240000","1","대지",24,,"부산광역시 영도구 봉래동3가 24","262003125008","부산광역시 영도구 대교로",1,,"2620011700100240000020250","미라클타워","부산광역시 영도구 대교로 1","606063","49035","","5","",129.044242243918,35.092677372793
"MA010120220812645331","노마드앤스터디","","R1","예술·스포츠","R102","도서관·사적지","R10202","독서실/스터디 카페","R90212","독서실 운영업","26","부산광역시","26410","금정구","26410600","장전1동","2641010800","장전동","2641010800102220044","1","대지",222,44,"부산광역시 금정구 장전동 222-44","264103006033","부산광역시 금정구 금정로",141,,"2641010800102220044027734","","부산광역시 금정구 금정로 141","609837","46283","","","",129.087602136429,35.2371866108971
"MA010120220808464155","데이스터디카페장산역센터점","해운대","R1","예술·스포츠","R102","도서관·사적지","R10202","독서실/스터디 카페","R90212","독서실 운영업","26","부산광역시","26350","해운대구","26350552","좌2동","2635010700","좌동","2635010700114800004","1","대지",1480,4,"부산광역시 해운대구 좌동 1480-4","263504199126","부산광역시 해운대구 양운로42번길",16,,"2635010700114800004017846","스타빌딩","부산광역시 해운대구 양운로42번길 16","612842","48111","","","",129.177617895379,35.1683302871043
"MA010120220802651572","플랜트스터디카페안락라운지","","R1","예술·스포츠","R102","도서관·사적지","R10202","독서실/스터디 카페","R90212","독서실 운영업","26","부산광역시","26260","동래구","26260750","안락2동","2626010200","안락동","2626010200104710054","1","대지",471,54,"부산광역시 동래구 안락동 471-54","262603130006","부산광역시 동래구 명장로",149,,"2626010200104710054004407","","부산광역시 동래구 명장로 149","607826","47771","","3","",129.112539833527,35.1984010419093
"MA010120220813949841","작심스페이스연산토곡","","R1","예술·스포츠","R102","도서관·사적지","R10202","독서실/스터디 카페","R90212","독서실 운영업","26","부산광역시","26470","연제구","26470730","연산9동","2647010200","연산동","2647010200104910013","1","대지",491,13,"부산광역시 연제구 연산동 491-13","264703006054","부산광역시 연제구 과정로",106,,"2647010200104910013018749","일부","부산광역시 연제구 과정로 106","611819","47572","","3","",129.107387575309,35.1808463606138
"MA010120220803433046","라온카페","","R1","예술·스포츠","R102","도서관·사적지","R10202","독서실/스터디 카페","R90212","독서실 운영업","26","부산광역시","26380","사하구","26380510","괴정1동","2638010100","괴정동","2638010100109350002","1","대지",935,2,"부산광역시 사하구 괴정동 935-2","263802006002","부산광역시 사하구 낙동대로",230,,"2638010100109350002010177","수민빌딩","부산광역시 사하구 낙동대로 230","604815","49340","","13","",128.991791893956,35.1000211477035
"MA010120220813341364","타임유부경대점","경성대","R1","예술·스포츠","R102","도서관·사적지","R10202","독서실/스터디 카페","R90212","독서실 운영업","26","부산광역시","26290","남구","26290530","대연3동","2629010600","대연동","2629010600100680004","1","대지",68,4,"부산광역시 남구 대연동 68-4","262904193203","부산광역시 남구 용소로14번길",10,,"2629010600100680004000454","","부산광역시 남구 용소로14번길 10","608805","48498","","5","",129.10007884913,35.1360868660655
"MA010120220804410510","공부인스터디카페부산남천센터","","R1","예술·스포츠","R102","도서관·사적지","R10202","독서실/스터디 카페","R90212","독서실 운영업","26","부산광역시","26500","수영구","26500660","남천1동","2650010500","남천동","2650010500100240025","1","대지",24,25,"부산광역시 수영구 남천동 24-25","265003131037","부산광역시 수영구 수영로",384,,"2650010500100240025008149","","부산광역시 수영구 수영로 384","613814","48311","","7","",129.106968066352,35.140770393484
"MA010120220811780974","지게이트스터디카페낫개센터","","R1","예술·스포츠","R102","도서관·사적지","R10202","독서실/스터디 카페","R90212","독서실 운영업","26","부산광역시","26380","사하구","26380602","다대2동","2638010600","다대동","2638010600100630013","1","대지",63,13,"부산광역시 사하구 다대동 63-13","263803134007","부산광역시 사하구 다대로",423,,"2638010600100630013011476","","부산광역시 사하구 다대로 423","604819","49518","","6","",128.979875095931,35.0652052913214
"MA010120220805196340","르하임스터디카페부산좌동점","","R1","예술·스포츠","R102","도서관·사적지","R10202","독서실/스터디 카페","R90212","독서실 운영업","26","부산광역시","26350","해운대구","26350554","좌4동","2635010700","좌동","2635010700114070005","1","대지",1407,5,"부산광역시 해운대구 좌동 1407-5","263503133039","부산광역시 해운대구 좌동순환로",181,,"2635010700114070005011053","진성빌딩","부산광역시 해운대구 좌동순환로 181","612863","48075","","7","",129.176020326456,35.1779741427115
"MA010120220803807249","하버드독서실","명지","R1","예술·스포츠","R102","도서관·사적지","R10202","독서실/스터디 카페","R90212","독서실 운영업","26","부산광역시","26440","강서구","26440545","명지2동","2644010400","명지동","2644010400132380012","1","대지",3238,12,"부산광역시 강서구 명지동 3238-12","264403136045","부산광역시 강서구 명지오션시티4로",70,,"2644010400132380012000001","","부산광역시 강서구 명지오션시티4로 70","618814","46765","","","",128.903250279367,35.0827800850969
"MA010120220807110570","더원스터디라운지오션시티점","","R1","예술·스포츠","R102","도서관·사적지","R10202","독서실/스터디 카페","R90212","독서실 운영업","26","부산광역시","26440","강서구","26440545","명지2동","2644010400","명지동","2644010400132390013","1","대지",3239,13,"부산광역시 강서구 명지동 3239-13","264403136046","부산광역시 강서구 명지오션시티5로",12,,"2644010400132390013000001","세중빌딩","부산광역시 강서구 명지오션시티5로 12","618814","46764","","","",128.904193547908,35.0832699445333
"MA010120220808445745","24시스터디카페인제의대점","","R1","예술·스포츠","R102","도서관·사적지","R10202","독서실/스터디 카페","R90212","독서실 운영업","26","부산광역시","26230","부산진구","26230750","개금2동","2623011100","개금동","2623011100106330003","1","대지",633,3,"부산광역시 부산진구 개금동 633-3","262303129020","부산광역시 부산진구 복지로",85,,"2623011100106330003022545","","부산광역시 부산진구 복지로 85","614812","47396","","","",129.019659931527,35.1455288500805
"MA010120220808698749","로체스터디카페","신호점","R1","예술·스포츠","R102","도서관·사적지","R10202","독서실/스터디 카페","R90212","독서실 운영업","26","부산광역시","26440","강서구","26440590","신호동","2644011700","신호동","2644011700102150015","1","대지",215,15,"부산광역시 강서구 신호동 215-15","264404208450","부산광역시 강서구 신호산단2로27번길",3,,"2644011700102150015000001","채움THE테라스","부산광역시 강서구 신호산단2로27번길 3","618290","46759","","","",128.877784425008,35.0866919246169
"MA010120220806748265","아카데미프라자스터디카페학장센터","","R1","예술·스포츠","R102","도서관·사적지","R10202","독서실/스터디 카페","R90212","독서실 운영업","26","부산광역시","26530","사상구","26530670","학장동","2653010700","학장동","2653010700105740100","1","대지",574,100,"부산광역시 사상구 학장동 574-100","265303139006","부산광역시 사상구 대동로",140,,"2653010700105740100021277","","부산광역시 사상구 대동로 140","617845","47051","","2","",128.98259951758,35.1401573008679
"MA010120220811720568","다옴스터디카페","","R1","예술·스포츠","R102","도서관·사적지","R10202","독서실/스터디 카페","R90212","독서실 운영업","26","부산광역시","26260","동래구","26260590","사직2동","2626010900","사직동","2626010900100260001","1","대지",26,1,"부산광역시 동래구 사직동 26-1","262603130010","부산광역시 동래구 사직북로",47,,"2626010900100260001021283","","부산광역시 동래구 사직북로 47","607815","47860","","3","",129.059211956364,35.1994822281528
"MA010120220805960931","릿스터디카페구남역점","","R1","예술·스포츠","R102","도서관·사적지","R10202","독서실/스터디 카페","R90212","독서실 운영업","26","부산광역시","26320","북구","26320520","구포2동","2632010500","구포동","2632010500110910006","1","대지",1091,6,"부산광역시 북구 구포동 1091-6","263202006008","부산광역시 북구 백양대로",1011,,"2632010500110910006013655","","부산광역시 북구 백양대로 1011","616807","46650","","4","",128.994146954811,35.1961288710446
"MA010120220809888821","원클래스광안독서실","","R1","예술·스포츠","R102","도서관·사적지","R10202","독서실/스터디 카페","R90212","독서실 운영업","26","부산광역시","26500","수영구","26500760","광안1동","2650010400","광안동","2650010400104970005","1","대지",497,5,"부산광역시 수영구 광안동 497-5","265003138006","부산광역시 수영구 광일로",28,,"2650010400104970005002062","","부산광역시 수영구 광일로 28","613807","48249","","4","",129.111171661956,35.1624960916699
"MA010120220814185521","리게인스터디카페부산","기장점","R1","예술·스포츠","R102","도서관·사적지","R10202","독서실/스터디 카페","L68112","비주거용 건물 임대업","26","부산광역시","26710","기장군","26710250","기장읍","2671025022","기장읍","2671025022103420001","1","대지",342,1,"부산광역시 기장군 기장읍 교리 342-1","267103140052","부산광역시 기장군 기장읍 차성로",430,,"2671025022103420001004350","","부산광역시 기장군 기장읍 차성로 430","619901","46056","","3","",129.217019930946,35.2540961295934
"MA010120220809788918","감동독서실","","R1","예술·스포츠","R102","도서관·사적지","R10202","독서실/스터디 카페","R90212","독서실 운영업","26","부산광역시","26320","북구","26320543","화명3동","2632010200","화명동","2632010200122770003","1","대지",2277,3,"부산광역시 북구 화명동 2277-3","263202132002","부산광역시 북구 화명대로",44,,"2632010200122770003017578","금호타워","부산광역시 북구 화명대로 44","616852","46526","","","",129.01299655698,35.2343596476477
"MA010120220805205048","두드림프리미엄독서실","","R1","예술·스포츠","R102","도서관·사적지","R10202","독서실/스터디 카페","R90212","독서실 운영업","26","부산광역시","26710","기장군","26710256","정관읍","2671025622","정관읍","2671025622107180008","1","대지",718,8,"부산광역시 기장군 정관읍 매학리 718-8","267103140047","부산광역시 기장군 정관읍 정관로",574,,"2671032022107180008000001","조은시티","부산광역시 기장군 정관읍 정관로 574","619963","46017","","","",129.176414022501,35.3208948921353
"MA010120220813591285","하우스터디부산센텀시티센터모임공간","","R1","예술·스포츠","R102","도서관·사적지","R10202","독서실/스터디 카페","R90212","독서실 운영업","26","부산광역시","26350","해운대구","26350650","재송1동","2635010400","재송동","2635010400112100000","1","대지",1210,,"부산광역시 해운대구 재송동 1210","263503133018","부산광역시 해운대구 센텀동로",99,,"2635010400112160000000002","벽산이센텀클래스원","부산광역시 해운대구 센텀동로 99","612051","48059","","3","",129.125847914603,35.1761620708098
"MA010120220803312592","에스플랜스터디카페","","R1","예술·스포츠","R102","도서관·사적지","R10202","독서실/스터디 카페","R90212","독서실 운영업","26","부산광역시","26470","연제구","26470610","거제1동","2647010100","거제동","2647010100114770004","1","대지",1477,4,"부산광역시 연제구 거제동 1477-4","264702006012","부산광역시 연제구 아시아드대로",88,,"2647010100114770004012568","","부산광역시 연제구 아시아드대로 88","611803","47508","","2","",129.067521232746,35.1924917997159
"MA010120220804789499","더킹스터디카페일광","신도시점","R1","예술·스포츠","R102","도서관·사적지","R10202","독서실/스터디 카페","R90212","독서실 운영업","26","부산광역시","26710","기장군","26710259","일광읍","2671025921","일광읍","2671025921108080006","1","대지",808,6,"부산광역시 기장군 일광읍 삼성리 808-6","267103352379","부산광역시 기장군 일광읍 해빛5로",25,,"2671031021108080006000002","일광센트럴타워5차","부산광역시 기장군 일광읍 해빛5로 25","619912","46048","","7","",129.221852561661,35.2604954972247
"MA010120220802683818","그린애플스터디카페","사직점","R1","예술·스포츠","R102","도서관·사적지","R10202","독서실/스터디 카페","R90212","독서실 운영업","26","부산광역시","26260","동래구","26260570","온천3동","2626010800","온천동","2626010800116050030","1","대지",1605,30,"부산광역시 동래구 온천동 1605-30","262603130013","부산광역시 동래구 쇠미로",150,,"2626010800116050032000001","새늘빌딩","부산광역시 동래구 쇠미로 150","607840","47854","","2","",129.061728426854,35.2039181369739
"MA010120220802476945","화이트펜슬","주례점","R1","예술·스포츠","R102","도서관·사적지","R10202","독서실/스터디 카페","R90212","독서실 운영업","26","부산광역시","26530","사상구","26530650","주례1동","2653010600","주례동","2653010600109650008","1","대지",965,8,"부산광역시 사상구 주례동 965-8","265302006008","부산광역시 사상구 백양대로",498,,"2653010600109650008000448","","부산광역시 사상구 백양대로 498","617836","46993","","2","",128.997839189834,35.1541184517057
"MA010120220805240069","점프스터디카페","","R1","예술·스포츠","R102","도서관·사적지","R10202","독서실/스터디 카페","R90212","독서실 운영업","26","부산광역시","26320","북구","26320560","덕천2동","2632010400","덕천동","2632010400103810004","1","대지",381,4,"부산광역시 북구 덕천동 381-4","263202006007","부산광역시 북구 만덕대로",47,,"2632010400103810004017202","동해빌딩","부산광역시 북구 만덕대로 47","616820","46548","","5","",129.010193213434,35.2115527601858
"MA010120220803082487","더베스트구서","본점","R1","예술·스포츠","R102","도서관·사적지","R10202","독서실/스터디 카페","R90212","독서실 운영업","26","부산광역시","26410","금정구","26410680","구서1동","2641010700","구서동","2641010700100860001","1","대지",86,1,"부산광역시 금정구 구서동 86-1","264104205400","부산광역시 금정구 중앙대로1841번길",23,,"2641010700100860001009351","현대타운","부산광역시 금정구 중앙대로1841번길 23","609854","46243","","6","",129.090509010898,35.2485899737179
"MA010120220808515565","로체스터디카페명륜점","","R1","예술·스포츠","R102","도서관·사적지","R10202","독서실/스터디 카페","R90212","독서실 운영업","26","부산광역시","26260","동래구","26260545","명륜동","2626010700","명륜동","2626010700100650030","1","대지",65,30,"부산광역시 동래구 명륜동 65-30","262604190117","부산광역시 동래구 명륜로217번길",2,,"2626010700100650030021971","","부산광역시 동래구 명륜로217번길 2","607802","47740","","3","",129.082948135865,35.2132512061334
"MA010120220812984532","다짐스터디카페장전점","","R1","예술·스포츠","R102","도서관·사적지","R10202","독서실/스터디 카페","R90212","독서실 운영업","26","부산광역시","26410","금정구","26410600","장전1동","2641010800","장전동","2641010800101540003","1","대지",154,3,"부산광역시 금정구 장전동 154-3","264104205031","부산광역시 금정구 금강로335번길",21,,"2641010800101540003002914","","부산광역시 금정구 금강로335번길 21","609837","46282","","2","",129.085277718066,35.2377763960316
"MA010120220811464610","크리플레이","","R1","예술·스포츠","R102","도서관·사적지","R10202","독서실/스터디 카페","R90212","독서실 운영업","26","부산광역시","26320","북구","26320542","화명2동","2632010200","화명동","2632010200101910004","1","대지",191,4,"부산광역시 북구 화명동 191-4","263204196332","부산광역시 북구 양달로4번길",11,,"2632010200101910004008682","","부산광역시 북구 양달로4번길 11","616833","46517","","4","",129.014657481939,35.241117739987
"MA010120220806936274","더원스터디라운지프리미엄독서실","","R1","예술·스포츠","R102","도서관·사적지","R10202","독서실/스터디 카페","R90212","독서실 운영업","26","부산광역시","26470","연제구","26470730","연산9동","2647010200","연산동","2647010200103980010","1","대지",398,10,"부산광역시 연제구 연산동 398-10","264704211093","부산광역시 연제구 과정로226번길",13,,"2647010200103980011024440","","부산광역시 연제구 과정로226번길 13","611817","47565","","2","",129.102480262827,35.1884743098132
"MA010120220811664144","골든브릿지스터디카페사상신라대점","","R1","예술·스포츠","R102","도서관·사적지","R10202","독서실/스터디 카페","R90212","독서실 운영업","26","부산광역시","26530","사상구","26530600","덕포1동","2653010300","덕포동","2653010300100900004","1","대지",90,4,"부산광역시 사상구 덕포동 90-4","265302006008","부산광역시 사상구 백양대로",698,,"2653010300100900004000001","","부산광역시 사상구 백양대로 698","617812","46957","","3","",128.988832654502,35.1690729904384
"MA010120220812412246","어라운드스터디카페부산대","병원점","R1","예술·스포츠","R102","도서관·사적지","R10202","독서실/스터디 카페","R90212","독서실 운영업","26","부산광역시","26140","서구","26140640","충무동","2614011400","토성동3가","2614011400100030039","1","대지",3,39,"부산광역시 서구 토성동3가 3-39","261404178028","부산광역시 서구 구덕로186번길",5,,"2614011400100030039008957","금호빌딩","부산광역시 서구 구덕로186번길 5","602053","49224","","2","",129.020114841761,35.1013276814611
"MA010120220803069364","멘토즈스터디카페","부산구포점","R1","예술·스포츠","R102","도서관·사적지","R10202","독서실/스터디 카페","R90212","독서실 운영업","26","부산광역시","26320","북구","26320521","구포3동","2632010500","구포동","2632010500112180015","1","대지",1218,15,"부산광역시 북구 구포동 1218-15","263203132012","부산광역시 북구 시랑로",76,,"2632010500112180019000001","두영빌딩","부산광역시 북구 시랑로 76","616805","46631","","4","",129.005384452615,35.199079289437
"MA010120220813360086","아트오컴퍼니","","R1","예술·스포츠","R102","도서관·사적지","R10202","독서실/스터디 카페","R90212","독서실 운영업","26","부산광역시","26710","기장군","26710250","기장읍","2671025033","기장읍","2671025033107210000","1","대지",721,,"부산광역시 기장군 기장읍 시랑리 721","267103350835","부산광역시 기장군 기장읍 동부산관광9로",28,,"2671025033107210000000001","","부산광역시 기장군 기장읍 동부산관광9로 28","619902","46084","","3","",129.215809342725,35.1890031644655
"MA010120220802912552","이야기정원","","R1","예술·스포츠","R102","도서관·사적지","R10202","독서실/스터디 카페","R90212","독서실 운영업","26","부산광역시","26470","연제구","26470730","연산9동","2647010200","연산동","2647010200104190023","1","대지",419,23,"부산광역시 연제구 연산동 419-23","264703130031","부산광역시 연제구 연안로",7,2,"2647010200104190023006595","","부산광역시 연제구 연안로 7-2","611817","47567","","2","",129.106728568002,35.1884815554615
"MA010120220813177040","로체스터디카페망미점","","R1","예술·스포츠","R102","도서관·사적지","R10202","독서실/스터디 카페","R90212","독서실 운영업","26","부산광역시","26500","수영구","26500740","망미1동","2650010100","망미동","2650010100108070007","1","대지",807,7,"부산광역시 수영구 망미동 807-7","265004214150","부산광역시 수영구 망미로30번길",38,,"2650010100108070007017953","","부산광역시 수영구 망미로30번길 38","613826","48235","","3","",129.102339279603,35.1702194362247
"MA010120220804950877","비책스터디카페","","R1","예술·스포츠","R102","도서관·사적지","R10202","독서실/스터디 카페","R90212","독서실 운영업","26","부산광역시","26500","수영구","26500730","수영동","2650010200","수영동","2650010200105030016","1","대지",503,16,"부산광역시 수영구 수영동 503-16","265004214301","부산광역시 수영구 수영로741번길",5,,"2650010200105030016002440","","부산광역시 수영구 수영로741번길 5","613832","48223","","2","",129.120473832675,35.168704686668
"MA010120220814186723","로체스터디카페장산","","R1","예술·스포츠","R102","도서관·사적지","R10202","독서실/스터디 카페","R90212","독서실 운영업","26","부산광역시","26350","해운대구","26350552","좌2동","2635010700","좌동","2635010700114850005","1","대지",1485,5,"부산광역시 해운대구 좌동 1485-5","263503133010","부산광역시 해운대구 세실로",33,,"2635010700114850005000001","","부산광역시 해운대구 세실로 33","612842","48111","","8","",129.178959136322,35.1680087828426
"MA010120220814251306","결심스터디카페","아시아드점","R1","예술·스포츠","R102","도서관·사적지","R10202","독서실/스터디 카페","R90212","독서실 운영업","26","부산광역시","26470","연제구","26470620","거제2동","2647010100","거제동","2647010100112720000","1","대지",1272,,"부산광역시 연제구 거제동 1272","264703129045","부산광역시 연제구 월드컵대로",325,,"2647010100112720000001207","삼정그린코아","부산광역시 연제구 월드컵대로 325","611809","47527","","","",129.063523040364,35.188928357314
"MA010120220808682536","좌동점작심독서실","해운대","R1","예술·스포츠","R102","도서관·사적지","R10202","독서실/스터디 카페","R90212","독서실 운영업","26","부산광역시","26350","해운대구","26350551","좌1동","2635010700","좌동","2635010700103870000","1","대지",387,,"부산광역시 해운대구 좌동 387","263503133010","부산광역시 해운대구 세실로",86,,"2635010700103870000007227","대","부산광역시 해운대구 세실로 86","612835","48107","","","",129.176561570595,35.1723413191741
"MA010120220807445357","부산진구부전청소년센터","","R1","예술·스포츠","R102","도서관·사적지","R10202","독서실/스터디 카페","R90212","독서실 운영업","26","부산광역시","26230","부산진구","26230510","부전1동","2623010300","부전동","2623010300100250001","1","대지",25,1,"부산광역시 부산진구 부전동 25-1","262304187363","부산광역시 부산진구 범전로5번길",13,,"2623010300100250001000002","","부산광역시 부산진구 범전로5번길 13","614842","47250","","","",129.063001394734,35.1635155480823
"MA010120220802781838","그린베어양정스터디카페","","R1","예술·스포츠","R102","도서관·사적지","R10202","독서실/스터디 카페","R90212","독서실 운영업","26","부산광역시","26230","부산진구","26230560","양정1동","2623010100","양정동","2623010100103990021","1","대지",399,21,"부산광역시 부산진구 양정동 399-21","262302348120","부산광역시 부산진구 거제대로",36,,"2623010100103990021000975","","부산광역시 부산진구 거제대로 36","614856","47212","","3","",129.06775608608,35.1718693052842
"MA010120220814151416","지게이트","","R1","예술·스포츠","R102","도서관·사적지","R10202","독서실/스터디 카페","R90212","독서실 운영업","26","부산광역시","26260","동래구","26260590","사직2동","2626010900","사직동","2626010900100270004","1","대지",27,4,"부산광역시 동래구 사직동 27-4","262603130010","부산광역시 동래구 사직북로",51,,"2626010900100270004021299","","부산광역시 동래구 사직북로 51","607815","47860","","2","",129.058710566491,35.1996259304272
"MA010120220812795626","화이트펜슬동부지청점","","R1","예술·스포츠","R102","도서관·사적지","R10202","독서실/스터디 카페","R90212","독서실 운영업","26","부산광역시","26350","해운대구","26350660","재송2동","2635010400","재송동","2635010400111320021","1","대지",1132,21,"부산광역시 해운대구 재송동 1132-21","263503133035","부산광역시 해운대구 재반로",142,6,"2635010400111320021028535","","부산광역시 해운대구 재반로 142-6","612832","48053","","3","",129.127629191575,35.1901796427418
"MA010120220806981332","셀독24스터디카페","","R1","예술·스포츠","R102","도서관·사적지","R10202","독서실/스터디 카페","R90212","독서실 운영업","26","부산광역시","26140","서구","26140560","서대신3동","2614010600","서대신동3가","2614010600103890002","1","대지",389,2,"부산광역시 서구 서대신동3가 389-2","261403006005","부산광역시 서구 구덕로",323,,"2614010600103890002000001","","부산광역시 서구 구덕로 323","602826","49226","","","",129.016182974651,35.1126488584675
"MA010120220811716078","부산영도작심스터디카페","동삼점","R1","예술·스포츠","R102","도서관·사적지","R10202","독서실/스터디 카페","R90212","독서실 운영업","26","부산광역시","26200","영도구","26200650","동삼1동","2620012100","동삼동","2620012100105100030","1","대지",510,30,"부산광역시 영도구 동삼동 510-30","262003128023","부산광역시 영도구 중리로",35,,"2620012100105100031021908","","부산광역시 영도구 중리로 35","606809","49118","","5","",129.068035209353,35.0740250434586
"MA010120220814141132","세인트스터디카페","","R1","예술·스포츠","R102","도서관·사적지","R10202","독서실/스터디 카페","S96999","그 외 기타 달리 분류되지 않은 개인 서비스업","26","부산광역시","26230","부산진구","26230560","양정1동","2623010100","양정동","2623010100103650005","1","대지",365,5,"부산광역시 부산진구 양정동 365-5","262303129034","부산광역시 부산진구 양지로",24,14,"2623010100103650005013563","","부산광역시 부산진구 양지로 24-14","614853","47229","","2","",129.06955435499,35.1683420869984
"MA010120220804807068","플랜트스터디카페냉정역라운지","","R1","예술·스포츠","R102","도서관·사적지","R10202","독서실/스터디 카페","R90212","독서실 운영업","26","부산광역시","26530","사상구","26530660","주례2동","2653010600","주례동","2653010600101830005","1","대지",183,5,"부산광역시 사상구 주례동 183-5","265303139020","부산광역시 사상구 주례로",10,,"2653010600101830005020165","살롬빌딩","부산광역시 사상구 주례로 10","617835","47007","","2","",129.011161478576,35.1501671075107
"MA010120220811977372","멘토즈독서실","부산대연점","R1","예술·스포츠","R102","도서관·사적지","R10202","독서실/스터디 카페","R90212","독서실 운영업","26","부산광역시","26290","남구","26290550","대연5동","2629010600","대연동","2629010600112810043","1","대지",1281,43,"부산광역시 남구 대연동 1281-43","262904193074","부산광역시 남구 못골로41번길",6,,"2629010600112810043004876","","부산광역시 남구 못골로41번길 6","608818","48438","","5","",129.08723286489,35.1360836001831
"MA010120220810192153","그린베어용호스터디카페","","R1","예술·스포츠","R102","도서관·사적지","R10202","독서실/스터디 카페","R90212","독서실 운영업","26","부산광역시","26290","남구","26290570","용호1동","2629010700","용호동","2629010700109570001","1","대지",957,1,"부산광역시 남구 용호동 957-1","262903131015","부산광역시 남구 분포로",115,,"2629010700109570001000001","힐탑탑플레이스","부산광역시 남구 분포로 115","608091","48515","","","",129.112725278766,35.1321902475945
"MA010120220801164350","아카데미프라자감천센터독서실","","R1","예술·스포츠","R102","도서관·사적지","R10202","독서실/스터디 카페","R90212","독서실 운영업","26","부산광역시","26380","사하구","26380620","감천1동","2638010800","감천동","2638010800106510001","1","대지",651,1,"부산광역시 사하구 감천동 651-1","263803006004","부산광역시 사하구 감천로",49,,"2638010800106510001009780","","부산광역시 사하구 감천로 49","604806","49371","","5","",128.998059638063,35.0908520871113
"MA010120220800754667","골든브릿지스터디카페반여점","","R1","예술·스포츠","R102","도서관·사적지","R10202","독서실/스터디 카페","S96999","그 외 기타 달리 분류되지 않은 개인 서비스업","26","부산광역시","26350","해운대구","26350595","반여4동","2635010300","반여동","2635010300111830008","1","대지",1183,8,"부산광역시 해운대구 반여동 1183-8","263504006030","부산광역시 해운대구 명장로67번길",125,,"2635010300111830008016290","","부산광역시 해운대구 명장로67번길 125","612859","48045","","5","",129.116363201277,35.2044350076839
"MA010120220810289477","초월스터디카페","서면점","R1","예술·스포츠","R102","도서관·사적지","R10202","독서실/스터디 카페","S96999","그 외 기타 달리 분류되지 않은 개인 서비스업","26","부산광역시","26230","부산진구","26230520","부전2동","2623010300","부전동","2623010300102230001","1","대지",223,1,"부산광역시 부산진구 부전동 223-1","262303129010","부산광역시 부산진구 동천로",59,,"2623010300102230001048941","","부산광역시 부산진구 동천로 59","614846","47296","","4","",129.062125245161,35.154023216207
"MA010120220803314675","작심스페이스김정훈발전사업","","R1","예술·스포츠","R102","도서관·사적지","R10202","독서실/스터디 카페","R90212","독서실 운영업","26","부산광역시","26260","동래구","26260590","사직2동","2626010900","사직동","2626010900100890025","1","대지",89,25,"부산광역시 동래구 사직동 89-25","262603130009","부산광역시 동래구 사직로",70,,"2626010900100890025008035","지하","부산광역시 동래구 사직로 70","607815","47865","","1","",129.058307878355,35.1954153625966
"MA010120220808219133","네오","","R1","예술·스포츠","R102","도서관·사적지","R10202","독서실/스터디 카페","R90212","독서실 운영업","26","부산광역시","26410","금정구","26410610","장전2동","2641010800","장전동","2641010800104140023","1","대지",414,23,"부산광역시 금정구 장전동 414-23","264103135026","부산광역시 금정구 부산대학로",29,,"2641010800104140023000001","외","부산광역시 금정구 부산대학로 29","609392","46291","","1","",129.08802028584,35.2307902637675
"MA010120220805215757","부산멘토즈스터디카페","사직점","R1","예술·스포츠","R102","도서관·사적지","R10202","독서실/스터디 카페","R90212","독서실 운영업","26","부산광역시","26260","동래구","26260600","사직3동","2626010900","사직동","2626010900101290001","1","대지",129,1,"부산광역시 동래구 사직동 129-1","262604190361","부산광역시 동래구 여고로51번길",12,,"2626010900101290001002279","","부산광역시 동래구 여고로51번길 12","607818","47843","","4","",129.069486724682,35.1964052754828
"MA010120220812850053","더파고","","R1","예술·스포츠","R102","도서관·사적지","R10202","독서실/스터디 카페","R90212","독서실 운영업","26","부산광역시","26260","동래구","26260550","온천1동","2626010800","온천동","2626010800101550002","1","대지",155,2,"부산광역시 동래구 온천동 155-2","262603130032","부산광역시 동래구 온천장로",114,,"2626010800101550002013035","허브메디타워","부산광역시 동래구 온천장로 114","607831","47710","","","",129.084805130703,35.2205996462932
"MA010120220813477249","위드독서실","","R1","예술·스포츠","R102","도서관·사적지","R10202","독서실/스터디 카페","R90212","독서실 운영업","26","부산광역시","26320","북구","26320543","화명3동","2632010200","화명동","2632010200122690001","1","대지",2269,1,"부산광역시 북구 화명동 2269-1","263204196053","부산광역시 북구 금곡대로303번길",22,,"2632010200122690001015370","정능빌딩","부산광역시 북구 금곡대로303번길 22","616852","46525","","","",129.01264612817,35.2357352420526
"MA010120220803069754","부산멘토즈스터디카페","주례점","R1","예술·스포츠","R102","도서관·사적지","R10202","독서실/스터디 카페","R90212","독서실 운영업","26","부산광역시","26530","사상구","26530660","주례2동","2653010600","주례동","2653010600112410014","1","대지",1241,14,"부산광역시 사상구 주례동 1241-14","265302006008","부산광역시 사상구 백양대로",370,,"2653010600112410014000001","만석빌딩","부산광역시 사상구 백양대로 370","617012","46997","","7","",129.011352420854,35.1530206525639
"MA010120220803220329","작심스터디카페","부산대연점","R1","예술·스포츠","R102","도서관·사적지","R10202","독서실/스터디 카페","R90212","독서실 운영업","26","부산광역시","26290","남구","26290560","대연6동","2629010600","대연동","2629010600117620005","1","대지",1762,5,"부산광역시 남구 대연동 1762-5","262904193073","부산광역시 남구 못골로12번길",35,,"2629010600117620005000001","대동레미안센트럴시티","부산광역시 남구 못골로12번길 35","608817","48453","","3","",129.085748126227,35.135505396583
"MA010120220812515738","꿈꾸는공간독서실","","R1","예술·스포츠","R102","도서관·사적지","R10202","독서실/스터디 카페","R90212","독서실 운영업","26","부산광역시","26320","북구","26320543","화명3동","2632010200","화명동","2632010200123160012","1","대지",2316,12,"부산광역시 북구 화명동 2316-12","263204196380","부산광역시 북구 학사로17번나길",21,,"2632010200123160012010804","화명동3","부산광역시 북구 학사로17번나길 21","616853","46542","","4","",129.008198751986,35.2233010044434
"MA010120220811824965","어라운드스터디카페","부곡점","R1","예술·스포츠","R102","도서관·사적지","R10202","독서실/스터디 카페","R90212","독서실 운영업","26","부산광역시","26410","금정구","26410580","부곡2동","2641010900","부곡동","2641010900102440001","1","대지",244,1,"부산광역시 금정구 부곡동 244-1","264102000010","부산광역시 금정구 중앙대로",1667,,"2641010900102440001021948","삼신빌딩","부산광역시 금정구 중앙대로 1667","609852","46278","","4","",129.091387777492,35.2331922335878
"MA010120220809262814","멘토즈스터디카페부산용호힐탑점","","R1","예술·스포츠","R102","도서관·사적지","R10202","독서실/스터디 카페","R90212","독서실 운영업","26","부산광역시","26290","남구","26290570","용호1동","2629010700","용호동","2629010700109570001","1","대지",957,1,"부산광역시 남구 용호동 957-1","262903131015","부산광역시 남구 분포로",115,,"2629010700109570001000001","힐탑탑플레이스","부산광역시 남구 분포로 115","608091","48515","","5","",129.112725278766,35.1321902475945
"MA010120220812847924","그로잉스터디카페화명","수정점","R1","예술·스포츠","R102","도서관·사적지","R10202","독서실/스터디 카페","R90212","독서실 운영업","26","부산광역시","26320","북구","26320543","화명3동","2632010200","화명동","2632010200123150009","1","대지",2315,9,"부산광역시 북구 화명동 2315-9","263202132001","부산광역시 북구 금곡대로",157,,"2632010200123150009002811","아영빌딩","부산광역시 북구 금곡대로 157","616853","46542","","5","",129.008822025332,35.2231915314615
"MA010120220800894208","르하임스터디카페반여점","","R1","예술·스포츠","R102","도서관·사적지","R10202","독서실/스터디 카페","R90212","독서실 운영업","26","부산광역시","26350","해운대구","26350570","반여1동","2635010300","반여동","2635010300112020002","1","대지",1202,2,"부산광역시 해운대구 반여동 1202-2","263503133009","부산광역시 해운대구 선수촌로",101,,"2635010300112020002011522","","부산광역시 해운대구 선수촌로 101","612811","48038","","3","",129.119240427316,35.2027716135581
"MA010120220812775179","초량스터디카페","","R1","예술·스포츠","R102","도서관·사적지","R10202","독서실/스터디 카페","R90212","독서실 운영업","26","부산광역시","26170","동구","26170530","초량3동","2617010100","초량동","2617010100101710003","1","대지",171,3,"부산광역시 동구 초량동 171-3","261702000010","부산광역시 동구 중앙대로",243,15,"2617010100101710003019400","","부산광역시 동구 중앙대로 243-15","601828","48798","","2","",129.041213081188,35.1193760945289
"MA010120220808832594","스터디플래닛멤버십라운지부산대센터","","R1","예술·스포츠","R102","도서관·사적지","R10202","독서실/스터디 카페","R90212","독서실 운영업","26","부산광역시","26410","금정구","26410610","장전2동","2641010800","장전동","2641010800104240015","1","대지",424,15,"부산광역시 금정구 장전동 424-15","264103135047","부산광역시 금정구 장전로",42,,"2641010800104240015022771","","부산광역시 금정구 장전로 42","609840","46288","","2","",129.084366590379,35.2292131712901
"MA010120220812465230","심블독서실학원","","R1","예술·스포츠","R102","도서관·사적지","R10202","독서실/스터디 카페","R90212","독서실 운영업","26","부산광역시","26230","부산진구","26230520","부전2동","2623010300","부전동","2623010300102410014","1","대지",241,14,"부산광역시 부산진구 부전동 241-14","262302000010","부산광역시 부산진구 중앙대로",685,,"2623010300102410014034035","2~4층","부산광역시 부산진구 중앙대로 685","614846","47289","","","",129.058807517177,35.1538633818752
"MA010120220809400148","오션시티점멘토즈스터디카페","명지","R1","예술·스포츠","R102","도서관·사적지","R10202","독서실/스터디 카페","R90212","독서실 운영업","26","부산광역시","26440","강서구","26440545","명지2동","2644010400","명지동","2644010400132390003","1","대지",3239,3,"부산광역시 강서구 명지동 3239-3","264403136045","부산광역시 강서구 명지오션시티4로",65,,"2644010400132390003000001","대유빌딩","부산광역시 강서구 명지오션시티4로 65","618814","46764","","","",128.903952441776,35.083273731569
"MA010120220806710902","엘드레브봉래점스터디카페","","R1","예술·스포츠","R102","도서관·사적지","R10202","독서실/스터디 카페","R90212","독서실 운영업","26","부산광역시","26200","영도구","26200590","봉래1동","2620011700","봉래동3가","2620011700100280001","1","대지",28,1,"부산광역시 영도구 봉래동3가 28-1","262003006003","부산광역시 영도구 태종로",139,,"2620011700100280001001586","대양빌딩","부산광역시 영도구 태종로 139","606063","49035","","8","",129.044213802561,35.0924165121322
"MA010120220814313317","어썸커뮤니티","","R1","예술·스포츠","R102","도서관·사적지","R10202","독서실/스터디 카페","R90212","독서실 운영업","26","부산광역시","26440","강서구","26440545","명지2동","2644010400","명지동","2644010400132380000","1","대지",3238,,"부산광역시 강서구 명지동 3238","264403136039","부산광역시 강서구 명지오션시티11로",66,,"2644010400132380000000001","","부산광역시 강서구 명지오션시티11로 66","618814","46765","","4","",128.903158611712,35.0840251815594
"MA010120220805173581","남천화이트펜슬스터디카페","","R1","예술·스포츠","R102","도서관·사적지","R10202","독서실/스터디 카페","R90212","독서실 운영업","26","부산광역시","26500","수영구","26500660","남천1동","2650010500","남천동","2650010500100200002","1","대지",20,2,"부산광역시 수영구 남천동 20-2","265004214129","부산광역시 수영구 남천동로10번길",31,,"2650010500100200002001382","","부산광역시 수영구 남천동로10번길 31","613814","48308","","2","",129.108867837396,35.1416925570403
"MA010120220803180455","쁘띠메종","","R1","예술·스포츠","R102","도서관·사적지","R10202","독서실/스터디 카페","R90212","독서실 운영업","26","부산광역시","26200","영도구","26200650","동삼1동","2620012100","동삼동","2620012100105550009","1","대지",555,9,"부산광역시 영도구 동삼동 555-9","262004184236","부산광역시 영도구 중리북로22번길",12,,"2620012100105550009002653","","부산광역시 영도구 중리북로22번길 12","606809","49118","","","",129.067377438942,35.0709812900655
"MA010120220813646851","플랜트양정라운지","","R1","예술·스포츠","R102","도서관·사적지","R10202","독서실/스터디 카페","R90212","독서실 운영업","26","부산광역시","26230","부산진구","26230560","양정1동","2623010100","양정동","2623010100105070021","1","대지",507,21,"부산광역시 부산진구 양정동 507-21","262303129011","부산광역시 부산진구 동평로",364,,"2623010100105070021054762","","부산광역시 부산진구 동평로 364","614858","47207","","1","",129.064893809621,35.1745585471771
"MA010120220814357052","스터디","","R1","예술·스포츠","R102","도서관·사적지","R10202","독서실/스터디 카페","R90212","독서실 운영업","26","부산광역시","26290","남구","26290530","대연3동","2629010600","대연동","2629010600100330002","1","대지",33,2,"부산광역시 남구 대연동 33-2","262904193202","부산광역시 남구 용소로13번길",90,,"2629010600100330002000309","","부산광역시 남구 용소로13번길 90","608804","48511","","","",129.105141863649,35.1380175743892
"MA010120220805799118","정관굿스터디카페","","R1","예술·스포츠","R102","도서관·사적지","R10202","독서실/스터디 카페","R90212","독서실 운영업","26","부산광역시","26710","기장군","26710256","정관읍","2671025622","정관읍","2671025622107170006","1","대지",717,6,"부산광역시 기장군 정관읍 매학리 717-6","267103140048","부산광역시 기장군 정관읍 정관중앙로",45,,"2671025622107170005000001","탑스퀘어","부산광역시 기장군 정관읍 정관중앙로 45","619963","46015","","4","",129.178280183464,35.3211946852155
"MA010120220803347993","안집스터디카페","","R1","예술·스포츠","R102","도서관·사적지","R10202","독서실/스터디 카페","I56221","커피 전문점","26","부산광역시","26410","금정구","26410610","장전2동","2641010800","장전동","2641010800104240026","1","대지",424,26,"부산광역시 금정구 장전동 424-26","264104205206","부산광역시 금정구 부산대학로63번길",37,5,"2641010800104240026017298","","부산광역시 금정구 부산대학로63번길 37-5","609840","46288","","","",129.084364225255,35.2299791879465
"MA010120220812345817","하우스터디부산양정센터스터디카페","","R1","예술·스포츠","R102","도서관·사적지","R10202","독서실/스터디 카페","R90212","독서실 운영업","26","부산광역시","26230","부산진구","26230560","양정1동","2623010100","양정동","2623010100104580032","1","대지",458,32,"부산광역시 부산진구 양정동 458-32","262302348120","부산광역시 부산진구 거제대로",37,1,"2623010100104580032000001","양정퍼스트상가","부산광역시 부산진구 거제대로 37-1","614857","47208","","3","",129.066603535161,35.1718619472309
"MA010120220803716121","작심스터디카페정관","모전점","R1","예술·스포츠","R102","도서관·사적지","R10202","독서실/스터디 카페","R90212","독서실 운영업","26","부산광역시","26710","기장군","26710256","정관읍","2671025627","정관읍","2671025627107380003","1","대지",738,3,"부산광역시 기장군 정관읍 모전리 738-3","267103140047","부산광역시 기장군 정관읍 정관로",387,,"2671032027107380003000001","누리타워","부산광역시 기장군 정관읍 정관로 387","619962","46008","","8","",129.165637597861,35.3348485709361
"MA010120220810257865","더원스터디라운지독서실","","R1","예술·스포츠","R102","도서관·사적지","R10202","독서실/스터디 카페","R90212","독서실 운영업","26","부산광역시","26500","수영구","26500760","광안1동","2650010400","광안동","2650010400105020003","1","대지",502,3,"부산광역시 수영구 광안동 502-3","265003138006","부산광역시 수영구 광일로",40,,"2650010400105020003012470","","부산광역시 수영구 광일로 40","613807","48249","","2","",129.109859619038,35.1626811659687
"MA010120220807346535","블루닷라운지정관독서실","모전점","R1","예술·스포츠","R102","도서관·사적지","R10202","독서실/스터디 카페","R90212","독서실 운영업","26","부산광역시","26710","기장군","26710256","정관읍","2671025627","정관읍","2671025627107420001","1","대지",742,1,"부산광역시 기장군 정관읍 모전리 742-1","267104220092","부산광역시 기장군 정관읍 모전1길",20,3,"2671032027107420001000001","합실산양프라자","부산광역시 기장군 정관읍 모전1길 20-3","619962","46008","","4","",129.167300822427,35.3357739366491
"MA010120220803147180","이루리랩","","R1","예술·스포츠","R102","도서관·사적지","R10202","독서실/스터디 카페","R90212","독서실 운영업","26","부산광역시","26320","북구","26320571","만덕1동","2632010300","만덕동","2632010300108230034","1","대지",823,34,"부산광역시 북구 만덕동 823-34","263203132006","부산광역시 북구 만덕1로",2,,"2632010300108230034000850","","부산광역시 북구 만덕1로 2","616830","46557","","3","",129.036734900461,35.2133979519336
"MA010120220804887195","중심독서실","","R1","예술·스포츠","R102","도서관·사적지","R10202","독서실/스터디 카페","R90212","독서실 운영업","26","부산광역시","26410","금정구","26410680","구서1동","2641010700","구서동","2641010700100840005","1","대지",84,5,"부산광역시 금정구 구서동 84-5","264102000010","부산광역시 금정구 중앙대로",1817,5,"2641010700100840005017842","동남빌딩","부산광역시 금정구 중앙대로 1817-5","609854","46273","","7","",129.092166381011,35.2463985742213
"MA010120220805316036","위즈덤독서실","","R1","예술·스포츠","R102","도서관·사적지","R10202","독서실/스터디 카페","R90212","독서실 운영업","26","부산광역시","26380","사하구","26380601","다대1동","2638010600","다대동","2638010600106520001","1","대지",652,1,"부산광역시 사하구 다대동 652-1","263803134021","부산광역시 사하구 윤공단로",3,,"2638010600106520001038498","","부산광역시 사하구 윤공단로 3","604824","49502","","3","",128.970021875576,35.054281124071
"MA010120220809327891","부산멘토즈스터디카페","교대역점","R1","예술·스포츠","R102","도서관·사적지","R10202","독서실/스터디 카페","R90212","독서실 운영업","26","부산광역시","26470","연제구","26470610","거제1동","2647010100","거제동","2647010100100750007","1","대지",75,7,"부산광역시 연제구 거제동 75-7","264702000010","부산광역시 연제구 중앙대로",1197,,"2647010100100490000000001","","부산광역시 연제구 중앙대로 1197","611802","47506","","4","",129.077943526382,35.1935299014889
"MA010120220813401075","부산멘토즈스터디카페","하단점","R1","예술·스포츠","R102","도서관·사적지","R10202","독서실/스터디 카페","R90212","독서실 운영업","26","부산광역시","26380","사하구","26380562","하단2동","2638010300","하단동","2638010300111570010","1","대지",1157,10,"부산광역시 사하구 하단동 1157-10","263803134034","부산광역시 사하구 하신번영로",407,,"2638010300111570011025927","웰빙프라자","부산광역시 사하구 하신번영로 407","604851","49301","","","",128.960308894916,35.1173686427526
"MA010120220809302752","화이트펜슬","","R1","예술·스포츠","R102","도서관·사적지","R10202","독서실/스터디 카페","R90212","독서실 운영업","26","부산광역시","26410","금정구","26410600","장전1동","2641010800","장전동","2641010800101160021","1","대지",116,21,"부산광역시 금정구 장전동 116-21","264103130022","부산광역시 금정구 금강로",361,,"2641010800101160021013872","장전동","부산광역시 금정구 금강로 361","609836","46247","","","",129.08623185204,35.2402921687257
"MA010120220813012144","포커스스터디카페","해운대장산점","R1","예술·스포츠","R102","도서관·사적지","R10202","독서실/스터디 카페","S96999","그 외 기타 달리 분류되지 않은 개인 서비스업","26","부산광역시","26350","해운대구","26350552","좌2동","2635010700","좌동","2635010700113170000","1","대지",1317,,"부산광역시 해운대구 좌동 1317","263503133010","부산광역시 해운대구 세실로",30,,"2635010700113170000011666","경동지플러스","부산광역시 해운대구 세실로 30","612840","48110","","2","",129.179398702375,35.1684424290749
"MA010120220813810717","로체스터디카페","연산점","R1","예술·스포츠","R102","도서관·사적지","R10202","독서실/스터디 카페","R90212","독서실 운영업","26","부산광역시","26470","연제구","26470690","연산5동","2647010200","연산동","2647010200107190018","1","대지",719,18,"부산광역시 연제구 연산동 719-18","264703129045","부산광역시 연제구 월드컵대로",75,,"2647010200107190018003606","","부산광역시 연제구 월드컵대로 75","611839","47598","","2","",129.083684504947,35.1810493638618
"MA010120220813516139","더작심부산화명수정역점","","R1","예술·스포츠","R102","도서관·사적지","R10202","독서실/스터디 카페","R90212","독서실 운영업","26","부산광역시","26320","북구","26320541","화명1동","2632010200","화명동","2632010200123130000","1","대지",2313,,"부산광역시 북구 화명동 2313","263203132020","부산광역시 북구 학사로",8,,"2632010200123130000015156","","부산광역시 북구 학사로 8","616847","46541","","1","",129.008756190495,35.2240847759285
"MA010120220800646883","멘토즈스터디카페힐스점","해운대","R1","예술·스포츠","R102","도서관·사적지","R10202","독서실/스터디 카페","R90212","독서실 운영업","26","부산광역시","26350","해운대구","26350540","중2동","2635010600","중동","2635010600118090000","1","대지",1809,,"부산광역시 해운대구 중동 1809","263504199224","부산광역시 해운대구 좌동순환로433번길",30,1,"2635010600115250000000010","제판매동","부산광역시 해운대구 좌동순환로433번길 30-1","612012","48114","","4","",129.179855213866,35.162522749511
"MA010120220814020512","스터디큐브독서실","","R1","예술·스포츠","R102","도서관·사적지","R10202","독서실/스터디 카페","R90212","독서실 운영업","26","부산광역시","26320","북구","26320543","화명3동","2632010200","화명동","2632010200122690003","1","대지",2269,3,"부산광역시 북구 화명동 2269-3","263204196053","부산광역시 북구 금곡대로303번길",2,,"2632010200122690003008632","","부산광역시 북구 금곡대로303번길 2","616852","46525","","","",129.013478537114,35.2356402878988
"MA010120220814313893","라임스터디라운지","","R1","예술·스포츠","R102","도서관·사적지","R10202","독서실/스터디 카페","R90212","독서실 운영업","26","부산광역시","26290","남구","26290700","문현3동","2629010900","문현동","2629010900101830020","1","대지",183,20,"부산광역시 남구 문현동 183-20","262903131012","부산광역시 남구 문현로",1,,"2629010900101830020030320","","부산광역시 남구 문현로 1","608822","48416","","2","",129.071291312051,35.1398987993896
"MA010120220807569878","타임유스터디카페부산동래명륜점","","R1","예술·스포츠","R102","도서관·사적지","R10202","독서실/스터디 카페","R90212","독서실 운영업","26","부산광역시","26260","동래구","26260545","명륜동","2626010700","명륜동","2626010700107970000","1","대지",797,,"부산광역시 동래구 명륜동 797","262604190110","부산광역시 동래구 명륜로139번길",6,,"2626010700107970000000001","","부산광역시 동래구 명륜로139번길 6","607010","47735","","5","",129.081633929356,35.2065061727811
"MA010120220803675178","공유","","R1","예술·스포츠","R102","도서관·사적지","R10202","독서실/스터디 카페","R90212","독서실 운영업","26","부산광역시","26230","부산진구","26230600","전포1동","2623010200","전포동","2623010200106830014","1","대지",683,14,"부산광역시 부산진구 전포동 683-14","262304187664","부산광역시 부산진구 전포대로209번길",39,4,"2623010200106830014025956","층","부산광역시 부산진구 전포대로209번길 39-4","614866","47294","","3","",129.06290039883,35.1551725143195
"MA010120220809709147","더원스터디라운지독서실","","R1","예술·스포츠","R102","도서관·사적지","R10202","독서실/스터디 카페","R90212","독서실 운영업","26","부산광역시","26260","동래구","26260570","온천3동","2626010800","온천동","2626010800114430003","1","대지",1443,3,"부산광역시 동래구 온천동 1443-3","262602006006","부산광역시 동래구 충렬대로",112,,"2626010800114430003010470","상원빌딩","부산광역시 동래구 충렬대로 112","607842","47823","","3","",129.072856855314,35.2063323973285
"MA010120220808187388","부산멘토즈스터디카페","초량점","R1","예술·스포츠","R102","도서관·사적지","R10202","독서실/스터디 카페","R90212","독서실 운영업","26","부산광역시","26170","동구","26170530","초량3동","2617010100","초량동","2617010100111450010","1","대지",1145,10,"부산광역시 동구 초량동 1145-10","261703127001","부산광역시 동구 고관로",46,,"2617010100111450010003124","부림빌딩","부산광역시 동구 고관로 46","601836","48792","","3","",129.04345061701,35.1233305619828
"MA010120220805468629","스터디카페구겐하임","화명점","R1","예술·스포츠","R102","도서관·사적지","R10202","독서실/스터디 카페","R90212","독서실 운영업","26","부산광역시","26320","북구","26320543","화명3동","2632010200","화명동","2632010200122750003","1","대지",2275,3,"부산광역시 북구 화명동 2275-3","263203132027","부산광역시 북구 화명신도시로",117,,"2632010200122750003008642","메트로프라자","부산광역시 북구 화명신도시로 117","616852","46527","","","",129.010489048428,35.2346716881531
"MA010120220803221393","비허밍스터디카페부산","장산점","R1","예술·스포츠","R102","도서관·사적지","R10202","독서실/스터디 카페","R90212","독서실 운영업","26","부산광역시","26350","해운대구","26350552","좌2동","2635010700","좌동","2635010700114730002","1","대지",1473,2,"부산광역시 해운대구 좌동 1473-2","263502006010","부산광역시 해운대구 해운대로",794,,"2635010700114730002000001","엘리움","부산광역시 해운대구 해운대로 794","612842","48104","","","",129.17574276493,35.1687965420148
"MA010120220809861692","청담스터디카페부산구서점","","R1","예술·스포츠","R102","도서관·사적지","R10202","독서실/스터디 카페","R90212","독서실 운영업","26","부산광역시","26410","금정구","26410680","구서1동","2641010700","구서동","2641010700104130003","1","대지",413,3,"부산광역시 금정구 구서동 413-3","264103135006","부산광역시 금정구 구서로",23,,"2641010700104130003000147","화산빌딩","부산광역시 금정구 구서로 23","609800","46242","","5","",129.088524708038,35.2466056843009
"MA010120220808651225","탄탄스터디카페","","R1","예술·스포츠","R102","도서관·사적지","R10202","독서실/스터디 카페","R90212","독서실 운영업","26","부산광역시","26320","북구","26320521","구포3동","2632010500","구포동","2632010500112230006","1","대지",1223,6,"부산광역시 북구 구포동 1223-6","263204196327","부산광역시 북구 시랑로83번길",1,,"2632010500112230006008473","금강빌딩","부산광역시 북구 시랑로83번길 1","616805","46622","","3","",129.006453394361,35.1983496535837
"MA010120220805831158","이루리스터디카페학장점","","R1","예술·스포츠","R102","도서관·사적지","R10202","독서실/스터디 카페","R90212","독서실 운영업","26","부산광역시","26530","사상구","26530670","학장동","2653010700","학장동","2653010700105740009","1","대지",574,9,"부산광역시 사상구 학장동 574-9","265303139006","부산광역시 사상구 대동로",129,,"2653010700105740007017194","육오빌딩","부산광역시 사상구 대동로 129","617845","47050","","2","",128.981346718189,35.140069657179
"MA010120220805196551","다다르다부산가야센터","","R1","예술·스포츠","R102","도서관·사적지","R10202","독서실/스터디 카페","R90212","독서실 운영업","26","부산광역시","26230","부산진구","26230720","가야2동","2623011000","가야동","2623011000105960020","1","대지",596,20,"부산광역시 부산진구 가야동 596-20","262303129042","부산광역시 부산진구 냉정로",274,,"2623011000105960020038988","미광빌딩","부산광역시 부산진구 냉정로 274","614802","47382","","2","",129.029701771923,35.1509482438342
"MA010120220813088104","지게이트","","R1","예술·스포츠","R102","도서관·사적지","R10202","독서실/스터디 카페","R90212","독서실 운영업","26","부산광역시","26350","해운대구","26350570","반여1동","2635010300","반여동","2635010300116380000","1","대지",1638,,"부산광역시 해운대구 반여동 1638","263503133009","부산광역시 해운대구 선수촌로",122,,"2635010300116380000001425","주공아시아선수촌아파트","부산광역시 해운대구 선수촌로 122","612719","48037","","3","",129.121684458394,35.2038732487115
"MA010120220809300034","스터디53","","R1","예술·스포츠","R102","도서관·사적지","R10202","독서실/스터디 카페","R90212","독서실 운영업","26","부산광역시","26230","부산진구","26230760","개금3동","2623011100","개금동","2623011100100530005","1","대지",53,5,"부산광역시 부산진구 개금동 53-5","262303129014","부산광역시 부산진구 백양관문로",25,29,"2623011100100530005032427","","부산광역시 부산진구 백양관문로 25-29","614810","47171","","4","",129.029453271081,35.1608201997608
"MA010120220806827633","올탑스터디카페","화명점","R1","예술·스포츠","R102","도서관·사적지","R10202","독서실/스터디 카페","R90212","독서실 운영업","26","부산광역시","26320","북구","26320543","화명3동","2632010200","화명동","2632010200123160006","1","대지",2316,6,"부산광역시 북구 화명동 2316-6","263204196378","부산광역시 북구 학사로17번가길",24,,"2632010200123160006006329","","부산광역시 북구 학사로17번가길 24","616853","46542","","5","",129.008300435525,35.2234164681661
"MA010120220809908822","어썸팩토리부산좌동독서실","","R1","예술·스포츠","R102","도서관·사적지","R10202","독서실/스터디 카페","R90212","독서실 운영업","26","부산광역시","26350","해운대구","26350554","좌4동","2635010700","좌동","2635010700114070005","1","대지",1407,5,"부산광역시 해운대구 좌동 1407-5","263503133039","부산광역시 해운대구 좌동순환로",181,,"2635010700114070005011053","진성빌딩","부산광역시 해운대구 좌동순환로 181","612863","48075","","9","",129.176020326456,35.1779741427115
"MA010120220808724095","스터디메이트","","R1","예술·스포츠","R102","도서관·사적지","R10202","독서실/스터디 카페","R90212","독서실 운영업","26","부산광역시","26410","금정구","26410591","부곡4동","2641010900","부곡동","2641010900103950013","1","대지",395,13,"부산광역시 금정구 부곡동 395-13","264104205199","부산광역시 금정구 부곡로42번길",8,,"2641010900103950013001395","","부산광역시 금정구 부곡로42번길 8","609824","46310","","2","",129.088634694732,35.2200559998751
"MA010120220810576972","에스플랜스터디카페","화명점","R1","예술·스포츠","R102","도서관·사적지","R10202","독서실/스터디 카페","R90212","독서실 운영업","26","부산광역시","26320","북구","26320541","화명1동","2632010200","화명동","2632010200111300015","1","대지",1130,15,"부산광역시 북구 화명동 1130-15","263202132001","부산광역시 북구 금곡대로",230,,"2632010200111300015004313","","부산광역시 북구 금곡대로 230","616854","46537","","","",129.012924193604,35.2287646391523
"MA010120220803167778","로앤하","","R1","예술·스포츠","R102","도서관·사적지","R10202","독서실/스터디 카페","R90212","독서실 운영업","26","부산광역시","26260","동래구","26260761","명장1동","2626010100","명장동","2626010100101470012","1","대지",147,12,"부산광역시 동래구 명장동 147-12","262603130006","부산광역시 동래구 명장로",69,6,"2626010100101470012023754","","부산광역시 동래구 명장로 69-6","607809","47769","","","",129.108911468258,35.2045560669939
"MA010120220800654508","레브스터디카페","","R1","예술·스포츠","R102","도서관·사적지","R10202","독서실/스터디 카페","R90212","독서실 운영업","26","부산광역시","26380","사하구","26380520","괴정2동","2638010100","괴정동","2638010100103100004","1","대지",310,4,"부산광역시 사하구 괴정동 310-4","263802006002","부산광역시 사하구 낙동대로",154,,"2638010100103100004012549","상록프라자","부산광역시 사하구 낙동대로 154","604807","49319","","5","",128.999136923057,35.1030903936679
"MA010120220806242266","공답스터디카페","","R1","예술·스포츠","R102","도서관·사적지","R10202","독서실/스터디 카페","R90212","독서실 운영업","26","부산광역시","26260","동래구","26260550","온천1동","2626010800","온천동","2626010800104250026","1","대지",425,26,"부산광역시 동래구 온천동 425-26","262603130004","부산광역시 동래구 동래로",3,,"2626010800104250026002487","태림빌딩","부산광역시 동래구 동래로 3","607834","47715","","6","",129.07715740151,35.2139545059645
"MA010120220805527271","조코치아카데미","","R1","예술·스포츠","R102","도서관·사적지","R10202","독서실/스터디 카페","R90212","독서실 운영업","26","부산광역시","26290","남구","26290590","용호3동","2629010700","용호동","2629010700100850001","1","대지",85,1,"부산광역시 남구 용호동 85-1","262904193048","부산광역시 남구 동명로145번길",102,,"2629010700100850001008658","","부산광역시 남구 동명로145번길 102","608831","48577","","5","",129.113405727181,35.124140070894
"MA010120220808663754","부산멘토즈스터디카페","문현점","R1","예술·스포츠","R102","도서관·사적지","R10202","독서실/스터디 카페","S96999","그 외 기타 달리 분류되지 않은 개인 서비스업","26","부산광역시","26290","남구","26290710","문현4동","2629010900","문현동","2629010900102460005","1","대지",246,5,"부산광역시 남구 문현동 246-5","262903131037","부산광역시 남구 수영로",46,1,"2629010900102460005014793","","부산광역시 남구 수영로 46-1","608828","48457","","5","",129.072368965033,35.1361044971395
"MA010120220809410256","스카이독서실","","R1","예술·스포츠","R102","도서관·사적지","R10202","독서실/스터디 카페","R90212","독서실 운영업","26","부산광역시","26230","부산진구","26230560","양정1동","2623010100","양정동","2623010100104450328","1","대지",445,328,"부산광역시 부산진구 양정동 445-328","262303129017","부산광역시 부산진구 범양로",105,24,"2623010100104450328027261","","부산광역시 부산진구 범양로 105-24","614857","47207","","","",129.064282567584,35.1729558947189
"MA010120220808382122","좌동점작심스터디카페","해운대","R1","예술·스포츠","R102","도서관·사적지","R10202","독서실/스터디 카페","R90212","독서실 운영업","26","부산광역시","26350","해운대구","26350551","좌1동","2635010700","좌동","2635010700103870000","1","대지",387,,"부산광역시 해운대구 좌동 387","263503133010","부산광역시 해운대구 세실로",86,,"2635010700103870000007227","대","부산광역시 해운대구 세실로 86","612835","48107","","","",129.176561570595,35.1723413191741
"MA010120220804935434","스터디고부산서면전포점","","R1","예술·스포츠","R102","도서관·사적지","R10202","독서실/스터디 카페","R90212","독서실 운영업","26","부산광역시","26230","부산진구","26230600","전포1동","2623010200","전포동","2623010200103390031","1","대지",339,31,"부산광역시 부산진구 전포동 339-31","262304187663","부산광역시 부산진구 전포대로200번길",17,,"2623010200103390031007654","","부산광역시 부산진구 전포대로200번길 17","614867","47304","","3","",129.066541781503,35.1546778769326
"MA010120220809495136","에스비건설","","R1","예술·스포츠","R102","도서관·사적지","R10202","독서실/스터디 카페","R90212","독서실 운영업","26","부산광역시","26260","동래구","26260750","안락2동","2626010200","안락동","2626010200104680028","1","대지",468,28,"부산광역시 동래구 안락동 468-28","262604190341","부산광역시 동래구 안락로125번가길",10,,"2626010200104680028020839","","부산광역시 동래구 안락로125번가길 10","607826","47785","","","",129.11138198891,35.1994755860194
"MA010120220812728039","시너지플레이스스터디카페연산토곡점","","R1","예술·스포츠","R102","도서관·사적지","R10202","독서실/스터디 카페","R90212","독서실 운영업","26","부산광역시","26470","연제구","26470730","연산9동","2647010200","연산동","2647010200101170071","1","대지",117,71,"부산광역시 연제구 연산동 117-71","264704211065","부산광역시 연제구 고분로236번길",86,,"2647010200101170071004168","","부산광역시 연제구 고분로236번길 86","611812","47572","","","",129.107742409199,35.1805608271665
"MA010120220812066092","스페이스반","","R1","예술·스포츠","R102","도서관·사적지","R10202","독서실/스터디 카페","R90212","독서실 운영업","26","부산광역시","26350","해운대구","26350552","좌2동","2635010700","좌동","2635010700114840001","1","대지",1484,1,"부산광역시 해운대구 좌동 1484-1","263503133010","부산광역시 해운대구 세실로",45,,"2635010700114840001007233","대승프라자","부산광역시 해운대구 세실로 45","612842","48111","","9","",129.178282843311,35.1689851682075
"MA010120220814234597","셀독24스터디카페서","대신점","R1","예술·스포츠","R102","도서관·사적지","R10202","독서실/스터디 카페","R90212","독서실 운영업","26","부산광역시","26140","서구","26140560","서대신3동","2614010600","서대신동3가","2614010600102890000","1","대지",289,,"부산광역시 서구 서대신동3가 289","261403006005","부산광역시 서구 구덕로",337,,"2614010600102890000020427","진흥빌딩","부산광역시 서구 구덕로 337","602825","49226","","5","",129.015630586217,35.1138205656809
"MA010120220810513747","조은집","","R1","예술·스포츠","R102","도서관·사적지","R10202","독서실/스터디 카페","R90212","독서실 운영업","26","부산광역시","26200","영도구","26200660","동삼2동","2620012100","동삼동","2620012100109680001","1","대지",968,1,"부산광역시 영도구 동삼동 968-1","262004184359","부산광역시 영도구 태종로802번길",24,,"2620012100109680001000001","","부산광역시 영도구 태종로802번길 24","606804","49126","","","",129.079680788432,35.0651205263011
"MA010120220812134059","프렌즈스터디카페부","산본점","R1","예술·스포츠","R102","도서관·사적지","R10202","독서실/스터디 카페","R90212","독서실 운영업","26","부산광역시","26230","부산진구","26230600","전포1동","2623010200","전포동","2623010200109030000","1","대지",903,,"부산광역시 부산진구 전포동 903","262303129009","부산광역시 부산진구 동성로",82,,"2623010200101880009054725","부산전포사랑으로부영","부산광역시 부산진구 동성로 82","614041","47240","","","",129.068717641035,35.1574072930764
"MA010120220809739138","코아프리미엄독서실","","R1","예술·스포츠","R102","도서관·사적지","R10202","독서실/스터디 카페","R90212","독서실 운영업","26","부산광역시","26380","사하구","26380561","하단1동","2638010300","하단동","2638010300111750002","1","대지",1175,2,"부산광역시 사하구 하단동 1175-2","263803134034","부산광역시 사하구 하신번영로",239,,"2638010300111750002000273","","부산광역시 사하구 하신번영로 239","604858","49430","","3","",128.958073242749,35.1023189115593
"MA010120220813190565","플랜트스터디카페부산명륜점","","R1","예술·스포츠","R102","도서관·사적지","R10202","독서실/스터디 카페","L68112","비주거용 건물 임대업","26","부산광역시","26260","동래구","26260545","명륜동","2626010700","명륜동","2626010700101720024","1","대지",172,24,"부산광역시 동래구 명륜동 172-24","262603130023","부산광역시 동래구 명륜로",210,,"2626010700101720024021902","","부산광역시 동래구 명륜로 210","607803","47744","","","",129.083181007611,35.2124812199028
"MA010120220810008545","스터디엔카페일광센터독서실","","R1","예술·스포츠","R102","도서관·사적지","R10202","독서실/스터디 카페","R90212","독서실 운영업","26","부산광역시","26710","기장군","26710259","일광읍","2671025921","일광읍","2671025921108300004","1","대지",830,4,"부산광역시 기장군 일광읍 삼성리 830-4","267103352380","부산광역시 기장군 일광읍 해빛6로",99,,"2671031021108300004000001","","부산광역시 기장군 일광읍 해빛6로 99","619912","46048","","","",129.226916246688,35.2656738918163
"MA010120220809276150","부산멘토즈스터디카페","개금점","R1","예술·스포츠","R102","도서관·사적지","R10202","독서실/스터디 카페","L68112","비주거용 건물 임대업","26","부산광역시","26230","부산진구","26230740","개금1동","2623011100","개금동","2623011100101980001","1","대지",198,1,"부산광역시 부산진구 개금동 198-1","262303129003","부산광역시 부산진구 개금온정로",6,,"2623011100101980001044771","개금블루스카이","부산광역시 부산진구 개금온정로 6","614813","47269","","5","",129.025567054542,35.1536759133324
"MA010120220809985064","시작스터디카페","가야점","R1","예술·스포츠","R102","도서관·사적지","R10202","독서실/스터디 카페","R90212","독서실 운영업","26","부산광역시","26230","부산진구","26230710","가야1동","2623011000","가야동","2623011000102650008","1","대지",265,8,"부산광역시 부산진구 가야동 265-8","262302006015","부산광역시 부산진구 가야대로",586,,"2623011000102650008000001","성진빌딩","부산광역시 부산진구 가야대로 586","614803","47330","","","",129.035941457538,35.1543310350066
"MA010120220804995885","시작스터디카페","안락점","R1","예술·스포츠","R102","도서관·사적지","R10202","독서실/스터디 카페","R90212","독서실 운영업","26","부산광역시","26260","동래구","26260750","안락2동","2626010200","안락동","2626010200101520111","1","대지",152,111,"부산광역시 동래구 안락동 152-111","262603130031","부산광역시 동래구 연안로",49,,"2626010200101520111018291","삼영빌딩","부산광역시 동래구 연안로 49","607825","47899","","3","",129.107288512733,35.1923107032137
"MA010120220806758231","부산멘토즈스터디카페","센텀점","R1","예술·스포츠","R102","도서관·사적지","R10202","독서실/스터디 카페","R90212","독서실 운영업","26","부산광역시","26350","해운대구","26350650","재송1동","2635010400","재송동","2635010400112090000","1","대지",1209,,"부산광역시 해운대구 재송동 1209","263502006009","부산광역시 해운대구 센텀북대로",60,,"2635010400112190000000001","센텀아이에스타워","부산광역시 해운대구 센텀북대로 60","612051","48059","","","",129.125410327862,35.1766383496924
"MA010120220808489516","테라스터디카페","","R1","예술·스포츠","R102","도서관·사적지","R10202","독서실/스터디 카페","N76299","그 외 기타 개인 및 가정용품 임대업","26","부산광역시","26530","사상구","26530680","엄궁동","2653010800","엄궁동","2653010800103760001","1","대지",376,1,"부산광역시 사상구 엄궁동 376-1","265302006002","부산광역시 사상구 낙동대로",751,,"2653010800103760001018557","타워","부산광역시 사상구 낙동대로 751","617831","47032","","","",128.969481761909,35.1284576572448
"MA010120220803135528","이루리스터디온천장역점","","R1","예술·스포츠","R102","도서관·사적지","R10202","독서실/스터디 카페","R90212","독서실 운영업","26","부산광역시","26410","금정구","26410591","부곡4동","2641010900","부곡동","2641010900108950018","1","대지",895,18,"부산광역시 금정구 부곡동 895-18","264103130028","부산광역시 금정구 시실로",11,3,"2641010900108950018035803","순흥빌딩","부산광역시 금정구 시실로 11-3","609824","46311","","5","",129.085777358691,35.2178253759284
"MA010120220810688793","뉴럭키스터디카페","","R1","예술·스포츠","R102","도서관·사적지","R10202","독서실/스터디 카페","L68112","비주거용 건물 임대업","26","부산광역시","26530","사상구","26530660","주례2동","2653010600","주례동","2653010600100540028","1","대지",54,28,"부산광역시 사상구 주례동 54-28","265303129042","부산광역시 사상구 냉정로",141,,"2653010600100540028028212","","부산광역시 사상구 냉정로 141","617833","47006","","","",129.015421657016,35.1498439649749
"MA010120220809578207","화이트펜슬대연황령점","","R1","예술·스포츠","R102","도서관·사적지","R10202","독서실/스터디 카페","R90212","독서실 운영업","26","부산광역시","26290","남구","26290530","대연3동","2629010600","대연동","2629010600102450100","1","대지",245,100,"부산광역시 남구 대연동 245-100","262904193469","부산광역시 남구 황령대로319번가길",158,4,"2629010600102450013000001","대연동LS빌딩","부산광역시 남구 황령대로319번가길 158-4","608806","48424","","2","",129.088627409174,35.1520190783371
"MA010120220814336602","아르비공부에빠지다독서실","","R1","예술·스포츠","R102","도서관·사적지","R10202","독서실/스터디 카페","R90212","독서실 운영업","26","부산광역시","26470","연제구","26470730","연산9동","2647010200","연산동","2647010200103920001","1","대지",392,1,"부산광역시 연제구 연산동 392-1","264703130029","부산광역시 연제구 안연로",26,,"2647010200103920001023781","일부","부산광역시 연제구 안연로 26","611817","47565","","4","",129.100385522144,35.1898263518299
"MA010120220808479486","스카이스터디카페","","R1","예술·스포츠","R102","도서관·사적지","R10202","독서실/스터디 카페","L68112","비주거용 건물 임대업","26","부산광역시","26320","북구","26320542","화명2동","2632010200","화명동","2632010200103130004","1","대지",313,4,"부산광역시 북구 화명동 313-4","263203132013","부산광역시 북구 양달로",76,,"2632010200103130004007529","","부산광역시 북구 양달로 76","616833","46516","","","",129.021484530865,35.2440047181588
"MA010120220802947252","빅타임스터디카페","","R1","예술·스포츠","R102","도서관·사적지","R10202","독서실/스터디 카페","R90212","독서실 운영업","26","부산광역시","26230","부산진구","26230610","전포2동","2623010200","전포동","2623010200101720001","1","대지",172,1,"부산광역시 부산진구 전포동 172-1","262304187175","부산광역시 부산진구 동성로118번길",31,,"2623010200101720001010678","","부산광역시 부산진구 동성로118번길 31","614862","47237","","3","",129.065938034527,35.1616090934407
"MA010120220805326491","그로잉스터디카페구서점","","R1","예술·스포츠","R102","도서관·사적지","R10202","독서실/스터디 카페","L68112","비주거용 건물 임대업","26","부산광역시","26410","금정구","26410690","구서2동","2641010700","구서동","2641010700108090005","1","대지",809,5,"부산광역시 금정구 구서동 809-5","264104205409","부산광역시 금정구 중앙대로1945번길",60,,"2641010700208090005000001","","부산광역시 금정구 중앙대로1945번길 60","609805","46229","","2","",129.088017761953,35.2581040276284
"MA010120220812714030","프리미엄시그니처독서실","","R1","예술·스포츠","R102","도서관·사적지","R10202","독서실/스터디 카페","R90212","독서실 운영업","26","부산광역시","26380","사하구","26380602","다대2동","2638010600","다대동","2638010600100430002","1","대지",43,2,"부산광역시 사하구 다대동 43-2","263803134007","부산광역시 사하구 다대로",447,,"2638010600100430002000001","","부산광역시 사하구 다대로 447","604819","49519","","3","",128.979304454506,35.0629075625918
"MA010120220814181605","중심","","R1","예술·스포츠","R102","도서관·사적지","R10202","독서실/스터디 카페","R90212","독서실 운영업","26","부산광역시","26410","금정구","26410680","구서1동","2641010700","구서동","2641010700100840005","1","대지",84,5,"부산광역시 금정구 구서동 84-5","264102000010","부산광역시 금정구 중앙대로",1817,5,"2641010700100840005017842","","부산광역시 금정구 중앙대로 1817-5","609854","46273","","6","",129.092166381011,35.2463985742213
"MA010120220810736739","하이클래스스터디카페","","R1","예술·스포츠","R102","도서관·사적지","R10202","독서실/스터디 카페","R90212","독서실 운영업","26","부산광역시","26440","강서구","26440545","명지2동","2644010400","명지동","2644010400132390000","1","대지",3239,,"부산광역시 강서구 명지동 3239","264403136039","부산광역시 강서구 명지오션시티11로",74,,"2644010400132390000000001","명지오션타워","부산광역시 강서구 명지오션시티11로 74","618814","46764","","","",128.90402566651,35.0840656381535
"MA010120220810633202","수성빌","","R1","예술·스포츠","R102","도서관·사적지","R10202","독서실/스터디 카페","R90212","독서실 운영업","26","부산광역시","26230","부산진구","26230510","부전1동","2623010300","부전동","2623010300104230012","1","대지",423,12,"부산광역시 부산진구 부전동 423-12","262304187394","부산광역시 부산진구 부전로95번길",34,,"2623010300104230012050390","","부산광역시 부산진구 부전로95번길 34","614849","47258","","","",129.052873028652,35.1587312745981
"MA010120220812446075","르하임스터디카페부산역점","해운대","R1","예술·스포츠","R102","도서관·사적지","R10202","독서실/스터디 카페","R90212","독서실 운영업","26","부산광역시","26350","해운대구","26350510","우1동","2635010500","우동","2635010500106390012","1","대지",639,12,"부산광역시 해운대구 우동 639-12","263502006010","부산광역시 해운대구 해운대로",604,,"2635010500106390004000001","","부산광역시 해운대구 해운대로 604","612821","48094","","3","",129.157336309751,35.1624664500773
"MA010120220813880881","별빛스터디카페","","R1","예술·스포츠","R102","도서관·사적지","R10202","독서실/스터디 카페","L68112","비주거용 건물 임대업","26","부산광역시","26230","부산진구","26230670","당감1동","2623010900","당감동","2623010900108100001","1","대지",810,1,"부산광역시 부산진구 당감동 810-1","262303129014","부산광역시 부산진구 백양관문로",106,,"2623010900108100001000001","","부산광역시 부산진구 백양관문로 106","614822","47157","","2","",129.027925317291,35.1682263565159
"MA0101202209A0024216","멘토즈스터디카페사직운동장점","","R1","예술·스포츠","R102","도서관·사적지","R10202","독서실/스터디 카페","R90212","독서실 운영업","26","부산광역시","26260","동래구","26260580","사직1동","2626010900","사직동","2626010900100250030","1","대지",25,30,"부산광역시 동래구 사직동 25-30","262603130010","부산광역시 동래구 사직북로",38,,"2626010900100250030021426","","부산광역시 동래구 사직북로 38","607814","47859","","3","",129.060096293222,35.1992869490181
"MA0101202209A0080290","스터디큐브독학재수독서실","","R1","예술·스포츠","R102","도서관·사적지","R10202","독서실/스터디 카페","R90212","독서실 운영업","26","부산광역시","26500","수영구","26500730","수영동","2650010200","수영동","2650010200105030016","1","대지",503,16,"부산광역시 수영구 수영동 503-16","265004214301","부산광역시 수영구 수영로741번길",5,,"2650010200105030016002440","대풍빌딩","부산광역시 수영구 수영로741번길 5","613832","48223","","2","",129.120473832675,35.168704686668
"MA0101202211A0024821","에이엔드스터디카페","","R1","예술·스포츠","R102","도서관·사적지","R10202","독서실/스터디 카페","R90212","독서실 운영업","26","부산광역시","26350","해운대구","26350551","좌1동","2635010700","좌동","2635010700114660002","1","대지",1466,2,"부산광역시 해운대구 좌동 1466-2","263503133010","부산광역시 해운대구 세실로",79,,"2635010700114660002000001","부산해운대대교사옥","부산광역시 해운대구 세실로 79","612836","48106","","3","",129.176433385324,35.1716497476945
"MA0101202211A0070369","메타스터디카페","","R1","예술·스포츠","R102","도서관·사적지","R10202","독서실/스터디 카페","R90212","독서실 운영업","26","부산광역시","26380","사하구","26380562","하단2동","2638010300","하단동","2638010300104900017","1","대지",490,17,"부산광역시 사하구 하단동 490-17","263802006002","부산광역시 사하구 낙동대로",547,,"2638010300104900017027851","","부산광역시 사하구 낙동대로 547","604851","49308","","2","",128.963965958223,35.1125421506637
"MA0101202209A0062689","펠어스터디카페","만덕점","R1","예술·스포츠","R102","도서관·사적지","R10202","독서실/스터디 카페","R90212","독서실 운영업","26","부산광역시","26320","북구","26320572","만덕2동","2632010300","만덕동","2632010300106050015","1","대지",605,15,"부산광역시 북구 만덕동 605-15","263204196196","부산광역시 북구 만덕대로290번길",18,,"2632010300106050015000001","","부산광역시 북구 만덕대로290번길 18","616827","46564","","2","",129.03511149505,35.2125871832803
"MA0101202209A0027717","숲독서실","","R1","예술·스포츠","R102","도서관·사적지","R10202","독서실/스터디 카페","R90212","독서실 운영업","26","부산광역시","26410","금정구","26410610","장전2동","2641010800","장전동","2641010800104770009","1","대지",477,9,"부산광역시 금정구 장전동 477-9","264103135047","부산광역시 금정구 장전로",59,,"2641010800104770009030438","","부산광역시 금정구 장전로 59","609840","46294","","3","",129.082688681167,35.2297376958947
"MA0101202209A0006103","더파고스터디카페백양점","","R1","예술·스포츠","R102","도서관·사적지","R10202","독서실/스터디 카페","R90212","독서실 운영업","26","부산광역시","26230","부산진구","26230760","개금3동","2623011100","개금동","2623011100100010012","1","대지",1,12,"부산광역시 부산진구 개금동 1-12","262304187279","부산광역시 부산진구 백양관문로77번길",6,,"2623011100100010017048166","동원화인패밀리","부산광역시 부산진구 백양관문로77번길 6","614777","47164","","3","",129.027518156156,35.1650881012167
"MA010120220809939526","탑스타디카페","","R1","예술·스포츠","R102","도서관·사적지","R10202","독서실/스터디 카페","R90212","독서실 운영업","26","부산광역시","26350","해운대구","26350551","좌1동","2635010700","좌동","2635010700114610001","1","대지",1461,1,"부산광역시 해운대구 좌동 1461-1","263503133038","부산광역시 해운대구 좌동로",88,,"2635010700114610001000001","울트라타워","부산광역시 해운대구 좌동로 88","612836","48106","","6","",129.174949231593,35.1719647809338
"MA0101202210A0080349","나우스터디카페","","R1","예술·스포츠","R102","도서관·사적지","R10202","독서실/스터디 카페","R90212","독서실 운영업","26","부산광역시","26230","부산진구","26230550","초읍동","2623010700","초읍동","2623010700102150022","1","대지",215,22,"부산광역시 부산진구 초읍동 215-22","262303129029","부산광역시 부산진구 성지로",82,,"2623010700102150022030338","한일맨션","부산광역시 부산진구 성지로 82","614873","47116","","","",129.053916375335,35.1779624027242
"MA0101202210A0041132","리안","","R1","예술·스포츠","R102","도서관·사적지","R10202","독서실/스터디 카페","R90212","독서실 운영업","26","부산광역시","26230","부산진구","26230710","가야1동","2623011000","가야동","2623011000104600020","1","대지",460,20,"부산광역시 부산진구 가야동 460-20","262304187569","부산광역시 부산진구 엄광로178번길",3,,"2623011000104600020045279","화인오피스텔","부산광역시 부산진구 엄광로178번길 3","614803","47339","","2","",129.034155787584,35.1473950114467
"MA0101202209A0025837","더킹스터디카페","화명점","R1","예술·스포츠","R102","도서관·사적지","R10202","독서실/스터디 카페","R90212","독서실 운영업","26","부산광역시","26320","북구","26320543","화명3동","2632010200","화명동","2632010200122760001","1","대지",2276,1,"부산광역시 북구 화명동 2276-1","263203132027","부산광역시 북구 화명신도시로",120,,"2632010200122760001017609","화명메디컬센터","부산광역시 북구 화명신도시로 120","616852","46526","","","",129.011146008589,35.2345886770328
"MA0101202209A0024766","그리다스터디카페금곡점","","R1","예술·스포츠","R102","도서관·사적지","R10202","독서실/스터디 카페","R90212","독서실 운영업","26","부산광역시","26320","북구","26320530","금곡동","2632010100","금곡동","2632010100100570008","1","대지",57,8,"부산광역시 북구 금곡동 57-8","263203132022","부산광역시 북구 효열로",224,,"2632010100100570008000697","","부산광역시 북구 효열로 224","616811","46512","","4","",129.019823032501,35.2638128701783
"MA0101202211A0029224","피닉스스터디카페부민점","","R1","예술·스포츠","R102","도서관·사적지","R10202","독서실/스터디 카페","R90212","독서실 운영업","26","부산광역시","26140","서구","26140590","부민동","2614010900","부민동1가","2614010900100160001","1","대지",16,1,"부산광역시 서구 부민동1가 16-1","261403006005","부산광역시 서구 구덕로",220,,"2614010900100160001023950","","부산광역시 서구 구덕로 220","602816","49223","","12","",129.020294712823,35.1041724019863
"MA0101202211A0046325","반여멘토즈스터디카페","강변점","R1","예술·스포츠","R102","도서관·사적지","R10202","독서실/스터디 카페","R90212","독서실 운영업","26","부산광역시","26350","해운대구","26350570","반여1동","2635010300","반여동","2635010300112000006","1","대지",1200,6,"부산광역시 해운대구 반여동 1200-6","263503133009","부산광역시 해운대구 선수촌로",103,8,"2635010300112000006000001","","부산광역시 해운대구 선수촌로 103-8","612811","48038","","6","",129.119011874552,35.2032712448
"MA0101202211A0002790","이안독서실","","R1","예술·스포츠","R102","도서관·사적지","R10202","독서실/스터디 카페","R90212","독서실 운영업","26","부산광역시","26380","사하구","26380602","다대2동","2638010600","다대동","2638010600100960005","1","대지",96,5,"부산광역시 사하구 다대동 96-5","263803134009","부산광역시 사하구 다송로",71,,"2638010600100960005000001","","부산광역시 사하구 다송로 71","604821","49516","","","",128.984192742915,35.0619985745152
"MA0101202212A0068387","부산박문각학습관","","R1","예술·스포츠","R102","도서관·사적지","R10202","독서실/스터디 카페","R90212","독서실 운영업","26","부산광역시","26260","동래구","26260545","명륜동","2626010700","명륜동","2626010700104500037","1","대지",450,37,"부산광역시 동래구 명륜동 450-37","262602006006","부산광역시 동래구 충렬대로",207,,"2626010700104500037001876","","부산광역시 동래구 충렬대로 207","607804","47738","","6","",129.082490953032,35.202661534804
"MA0101202212A0047650","더원스터디라운지동래수안점독서실","","R1","예술·스포츠","R102","도서관·사적지","R10202","독서실/스터디 카페","R90212","독서실 운영업","26","부산광역시","26260","동래구","26260510","수민동","2626010600","수안동","2626010600100090014","1","대지",9,14,"부산광역시 동래구 수안동 9-14","262604190127","부산광역시 동래구 명륜로63번길",5,,"2626010600100090014004993","","부산광역시 동래구 명륜로63번길 5","607822","47818","","3","",129.084237384201,35.1996847076124
"MA0101202212A0019181","트리플스터디카페","","R1","예술·스포츠","R102","도서관·사적지","R10202","독서실/스터디 카페","R90212","독서실 운영업","26","부산광역시","26470","연제구","26470620","거제2동","2647010100","거제동","2647010100108910005","1","대지",891,5,"부산광역시 연제구 거제동 891-5","264702006012","부산광역시 연제구 아시아드대로",101,,"2647010100108910005025059","아이작빌딩","부산광역시 연제구 아시아드대로 101","611807","47501","","5","",129.066361027086,35.1934938702803
"MA0101202212A0100165","아이비스터디카페남산정역점","","R1","예술·스포츠","R102","도서관·사적지","R10202","독서실/스터디 카페","R90212","독서실 운영업","26","부산광역시","26320","북구","26320550","덕천1동","2632010400","덕천동","2632010400103710001","1","대지",371,1,"부산광역시 북구 덕천동 371-1","263202006007","부산광역시 북구 만덕대로",169,,"2632010400103710001008692","","부산광역시 북구 만덕대로 169","616814","46554","","5","",129.023242696526,35.2135161241841
"MA0101202212A0043579","이룸프리미엄독서실","","R1","예술·스포츠","R102","도서관·사적지","R10202","독서실/스터디 카페","R90212","독서실 운영업","26","부산광역시","26380","사하구","26380572","신평2동","2638010400","신평동","2638010400104090013","1","대지",409,13,"부산광역시 사하구 신평동 409-13","263803134013","부산광역시 사하구 비봉로",36,,"2638010400104090013018365","","부산광역시 사하구 비봉로 36","604834","49419","","2","",128.964992263314,35.0972774303581
"MA0101202211A0015572","더이룸스터디카페","","R1","예술·스포츠","R102","도서관·사적지","R10202","독서실/스터디 카페","R90212","독서실 운영업","26","부산광역시","26470","연제구","26470620","거제2동","2647010100","거제동","2647010100109000007","1","대지",900,7,"부산광역시 연제구 거제동 900-7","264702006012","부산광역시 연제구 아시아드대로",79,,"2647010100109000007003889","SL빌딩","부산광역시 연제구 아시아드대로 79","611807","47501","","7","",129.066904502067,35.1915471058445
"MA0101202303A0077891","멘토즈스터디카페부산","동래점","R1","예술·스포츠","R102","도서관·사적지","R10202","독서실/스터디 카페","R90212","독서실 운영업","26","부산광역시","26260","동래구","26260545","명륜동","2626010700","명륜동","2626010700105530021","1","대지",553,21,"부산광역시 동래구 명륜동 553-21","262604190494","부산광역시 동래구 충렬대로181번길",42,,"2626010700105530021022133","","부산광역시 동래구 충렬대로181번길 42","607804","47736","","4","",129.080128671565,35.2056038660026
"MA0101202303A0079884","아이온스터디카페","","R1","예술·스포츠","R102","도서관·사적지","R10202","독서실/스터디 카페","R90212","독서실 운영업","26","부산광역시","26440","강서구","26440535","명지1동","2644010400","명지동","2644010400134200002","1","대지",3420,2,"부산광역시 강서구 명지동 3420-2","264403350868","부산광역시 강서구 명지국제8로",254,,"2644010400134200002000001","아이온스터디카페시온프라자","부산광역시 강서구 명지국제8로 254","618200","46772","","7","",128.920547958506,35.0976383731152
"MA0101202302A0033357","화이트펜슬스터디카페","광안점","R1","예술·스포츠","R102","도서관·사적지","R10202","독서실/스터디 카페","R90212","독서실 운영업","26","부산광역시","26500","수영구","26500790","광안4동","2650010400","광안동","2650010400103370007","1","대지",337,7,"부산광역시 수영구 광안동 337-7","265003131037","부산광역시 수영구 수영로",517,,"2650010400103370007014001","센터럴타워","부산광역시 수영구 수영로 517","613806","48264","","4","",129.11129782917,35.1520945953368
"MA0101202303A0023550","수만휘관리형스터디카페부산","해운대점","R1","예술·스포츠","R102","도서관·사적지","R10202","독서실/스터디 카페","R90212","독서실 운영업","26","부산광역시","26350","해운대구","26350552","좌2동","2635010700","좌동","2635010700114800004","1","대지",1480,4,"부산광역시 해운대구 좌동 1480-4","263504199126","부산광역시 해운대구 양운로42번길",16,,"2635010700114800004017846","스타빌딩","부산광역시 해운대구 양운로42번길 16","612842","48111","","7","",129.177617895379,35.1683302871043
"MA0101202302A0001226","골든브릿지스터디카페센텀벡스코점","","R1","예술·스포츠","R102","도서관·사적지","R10202","독서실/스터디 카페","R90212","독서실 운영업","26","부산광역시","26350","해운대구","26350520","우2동","2635010500","우동","2635010500111850063","1","대지",1185,63,"부산광역시 해운대구 우동 1185-63","263504199264","부산광역시 해운대구 해운대로383번길",57,,"2635010500111850063011208","","부산광역시 해운대구 해운대로383번길 57","612827","48062","","2","",129.139381364041,35.1715891855523
"MA0101202302A0094581","행운쉘터","","R1","예술·스포츠","R102","도서관·사적지","R10202","독서실/스터디 카페","R90212","독서실 운영업","26","부산광역시","26380","사하구","26380561","하단1동","2638010300","하단동","2638010300111760000","1","대지",1176,,"부산광역시 사하구 하단동 1176","263803134026","부산광역시 사하구 하신중앙로",265,,"2638010300111760000000143","가락타운3단지","부산광역시 사하구 하신중앙로 265","604858","49429","","3","",128.958487472358,35.0999240685554
"MA0101202302A0047411","골든브릿지스터디카페","만덕점","R1","예술·스포츠","R102","도서관·사적지","R10202","독서실/스터디 카페","R90212","독서실 운영업","26","부산광역시","26320","북구","26320571","만덕1동","2632010300","만덕동","2632010300108280036","1","대지",828,36,"부산광역시 북구 만덕동 828-36","263204196155","부산광역시 북구 만덕1로10번길",29,,"2632010300108280036000001","","부산광역시 북구 만덕1로10번길 29","616828","46557","","3","",129.035033757982,35.2147512735225
"MA0101202302A0091189","골든브릿지스터디카페","재송점","R1","예술·스포츠","R102","도서관·사적지","R10202","독서실/스터디 카페","R90212","독서실 운영업","26","부산광역시","26350","해운대구","26350660","재송2동","2635010400","재송동","2635010400111440005","1","대지",1144,5,"부산광역시 해운대구 재송동 1144-5","263503133035","부산광역시 해운대구 재반로",142,,"2635010400111440005005215","가야밀면","부산광역시 해운대구 재반로 142","612832","48053","","4","",129.127737573376,35.190547207115
"MA0101202302A0071738","스탠다드스터디카페","","R1","예술·스포츠","R102","도서관·사적지","R10202","독서실/스터디 카페","R90212","독서실 운영업","26","부산광역시","26230","부산진구","26230750","개금2동","2623011100","개금동","2623011100105400236","1","대지",540,236,"부산광역시 부산진구 개금동 540-236","262303006020","부산광역시 부산진구 엄광로",36,7,"2623011100105400236013136","더블루","부산광역시 부산진구 엄광로 36-7","614815","47387","","2","",129.02015673203,35.1478726220662
"MA0101202302A0033989","라임마루스튜디오","2호점","R1","예술·스포츠","R102","도서관·사적지","R10202","독서실/스터디 카페","R90212","독서실 운영업","26","부산광역시","26170","동구","26170660","범일2동","2617010400","범일동","2617010400108290003","1","대지",829,3,"부산광역시 동구 범일동 829-3","261703354031","부산광역시 동구 부산진성공원로",30,,"2617010400108290003010660","","부산광역시 동구 부산진성공원로 30","601807","48746","","2","",129.062739671129,35.1370708849446
"MA0101202301A0070673","와이스터디카페","","R1","예술·스포츠","R102","도서관·사적지","R10202","독서실/스터디 카페","S96999","그 외 기타 달리 분류되지 않은 개인 서비스업","26","부산광역시","26470","연제구","26470690","연산5동","2647010200","연산동","2647010200113620008","1","대지",1362,8,"부산광역시 연제구 연산동 1362-8","264704211351","부산광역시 연제구 중앙대로1043번길",20,,"2647010200113620008013705","","부산광역시 연제구 중앙대로1043번길 20","611828","47542","","3","",129.076883242392,35.1816348282406
"MA0101202301A0027714","작심스터디카페","","R1","예술·스포츠","R102","도서관·사적지","R10202","독서실/스터디 카페","R90212","독서실 운영업","26","부산광역시","26710","기장군","26710250","기장읍","2671025021","기장읍","2671025021101520003","1","대지",152,3,"부산광역시 기장군 기장읍 동부리 152-3","267104220317","부산광역시 기장군 기장읍 차성로344번길",34,,"2671025021101520003003532","","부산광역시 기장군 기장읍 차성로344번길 34","619905","46061","","2","",129.215765667637,35.2479734796999
"MA0101202301A0014120","타임유스터디카페부산","연지점","R1","예술·스포츠","R102","도서관·사적지","R10202","독서실/스터디 카페","S96999","그 외 기타 달리 분류되지 않은 개인 서비스업","26","부산광역시","26230","부산진구","26230540","연지동","2623010600","연지동","2623010600100190001","1","대지",19,1,"부산광역시 부산진구 연지동 19-1","262303129029","부산광역시 부산진구 성지로",52,,"2623010600100190001048217","","부산광역시 부산진구 성지로 52","614859","47122","","5","",129.054956190725,35.1752322653023
"MA0101202211A0050943","시너지플레이스스터디카페부산","안락점","R1","예술·스포츠","R102","도서관·사적지","R10202","독서실/스터디 카페","R90212","독서실 운영업","26","부산광역시","26260","동래구","26260740","안락1동","2626010200","안락동","2626010200106330027","1","대지",633,27,"부산광역시 동래구 안락동 633-27","262603130029","부산광역시 동래구 안연로",64,,"2626010200106330027021645","","부산광역시 동래구 안연로 64","607829","47901","","2","",129.099163717371,35.1931097084607
"MA0101202211A0048610","작심스터디카페부산","안락점","R1","예술·스포츠","R102","도서관·사적지","R10202","독서실/스터디 카페","R90212","독서실 운영업","26","부산광역시","26260","동래구","26260750","안락2동","2626010200","안락동","2626010200101520112","1","대지",152,112,"부산광역시 동래구 안락동 152-112","262603130031","부산광역시 동래구 연안로",41,,"2626010200101520112018336","","부산광역시 동래구 연안로 41","607825","47899","","6","",129.106932308611,35.1916951110431
"MA0101202212A0024388","청담스터디카페명륜점","","R1","예술·스포츠","R102","도서관·사적지","R10202","독서실/스터디 카페","R90212","독서실 운영업","26","부산광역시","26260","동래구","26260545","명륜동","2626010700","명륜동","2626010700107000148","1","대지",700,148,"부산광역시 동래구 명륜동 700-148","262604190116","부산광역시 동래구 명륜로207번길",42,,"2626010700107000148004312","","부산광역시 동래구 명륜로207번길 42","607803","47741","","3","",129.080678819027,35.2125332762117
"MA0103202303C0036218","K독서실케이","","R1","예술·스포츠","R102","도서관·사적지","R10202","독서실/스터디 카페","R90212","독서실 운영업","26","부산광역시","26230","부산진구","26230670","당감1동","2623010900","당감동","2623010900105150006","1","대지",515,6,"부산광역시 부산진구 당감동 515-6","262303129014","부산광역시 부산진구 백양관문로",42,,"2623010900105150006025816","동원아파트","부산광역시 부산진구 백양관문로 42","614822","47176","","","",129.030884195354,35.1632023278408
"MA0101202305A0093347","디스터디카페부경대점","","R1","예술·스포츠","R102","도서관·사적지","R10202","독서실/스터디 카페","R90212","독서실 운영업","26","부산광역시","26290","남구","26290530","대연3동","2629010600","대연동","2629010600104270027","1","대지",427,27,"부산광역시 남구 대연동 427-27","262903131023","부산광역시 남구 용소로",28,,"2629010600104270027000978","","부산광역시 남구 용소로 28","608810","48498","","4","",129.100660027202,35.1347971459013
"MA0101202302A0075651","초심스터디카페","","R1","예술·스포츠","R102","도서관·사적지","R10202","독서실/스터디 카페","R90212","독서실 운영업","26","부산광역시","26230","부산진구","26230740","개금1동","2623011100","개금동","2623011100101710108","1","대지",171,108,"부산광역시 부산진구 개금동 171-108","262304187020","부산광역시 부산진구 가야대로482번길",18,,"2623011100101710108047941","","부산광역시 부산진구 가야대로482번길 18","614813","47323","","2","",129.024641141233,35.1521774305686
"MA0101202303A0119309","더업스터디카페","","R1","예술·스포츠","R102","도서관·사적지","R10202","독서실/스터디 카페","R90212","독서실 운영업","26","부산광역시","26230","부산진구","26230760","개금3동","2623011100","개금동","2623011100104610002","1","대지",461,2,"부산광역시 부산진구 개금동 461-2","262302006008","부산광역시 부산진구 백양대로",301,,"2623011100104620001027333","서일빌딩","부산광역시 부산진구 백양대로 301","614811","47266","","3","",129.018613260013,35.1542335865326
"MA0101202305A0005824","역점미라클링관리형독학재수학원","해운대","R1","예술·스포츠","R102","도서관·사적지","R10202","독서실/스터디 카페","R90212","독서실 운영업","26","부산광역시","26350","해운대구","26350510","우1동","2635010500","우동","2635010500106020003","1","대지",602,3,"부산광역시 해운대구 우동 602-3","263503133040","부산광역시 해운대구 중동1로",4,,"2635010500106020003026870","동춘빌딩","부산광역시 해운대구 중동1로 4","612821","48095","","4","",129.160252402693,35.1640184955045
"MA0101202306A0016971","스터디카페더딩글부산거제","","R1","예술·스포츠","R102","도서관·사적지","R10202","독서실/스터디 카페","R90212","독서실 운영업","26","부산광역시","26470","연제구","26470630","거제3동","2647010100","거제동","2647010100105770005","1","대지",577,5,"부산광역시 연제구 거제동 577-5","264704211025","부산광역시 연제구 거제시장로22번길",38,,"2647010100105770005018147","","부산광역시 연제구 거제시장로22번길 38","611804","47543","","2","",129.072191833161,35.1827515466382
"MA0101202305A0004178","어라운드스터디카페","안락점","R1","예술·스포츠","R102","도서관·사적지","R10202","독서실/스터디 카페","R90212","독서실 운영업","26","부산광역시","26260","동래구","26260750","안락2동","2626010200","안락동","2626010200104710055","1","대지",471,55,"부산광역시 동래구 안락동 471-55","262603130006","부산광역시 동래구 명장로",151,,"2626010200104710055021089","","부산광역시 동래구 명장로 151","607826","47771","","3","",129.112479133653,35.1981768146105
"MA0101202305A0052028","부산드럼관악연습실","마인드스튜디오","R1","예술·스포츠","R102","도서관·사적지","R10202","독서실/스터디 카페","R90212","독서실 운영업","26","부산광역시","26410","금정구","26410610","장전2동","2641010800","장전동","2641010800104180002","1","대지",418,2,"부산광역시 금정구 장전동 418-2","264104205111","부산광역시 금정구 금정로91번길",19,,"2641010800104180002009846","향춘빌딩","부산광역시 금정구 금정로91번길 19","609392","46289","","","",129.085844120927,35.2328734034516
"MA0101202305A0028180","이룸1인관리형스터디센터","","R1","예술·스포츠","R102","도서관·사적지","R10202","독서실/스터디 카페","R90212","독서실 운영업","26","부산광역시","26350","해운대구","26350520","우2동","2635010500","우동","2635010500115030000","1","대지",1503,,"부산광역시 해운대구 우동 1503","263503133012","부산광역시 해운대구 센텀2로",15,,"2635010500115030000000001","센텀브라이빌딩","부산광역시 해운대구 센텀2로 15","612889","48060","","4","",129.132365559233,35.1676938319208
"MA0101202305A0049179","뉴런스터디카페","","R1","예술·스포츠","R102","도서관·사적지","R10202","독서실/스터디 카페","R90212","독서실 운영업","26","부산광역시","26350","해운대구","26350620","반송2동","2635010100","반송동","2635010100100400594","1","대지",40,594,"부산광역시 해운대구 반송동 40-594","263504199152","부산광역시 해운대구 윗반송로51번길",99,,"2635010100100400594015791","","부산광역시 해운대구 윗반송로51번길 99","612800","48007","","","",129.15624255544,35.2315311403433
"MA0101202306A0052866","스터디엔카페독서실","","R1","예술·스포츠","R102","도서관·사적지","R10202","독서실/스터디 카페","R90212","독서실 운영업","26","부산광역시","26320","북구","26320541","화명1동","2632010200","화명동","2632010200109770005","1","대지",977,5,"부산광역시 북구 화명동 977-5","263204196041","부산광역시 북구 금곡대로199번길",3,,"2632010200109770005000001","","부산광역시 북구 금곡대로199번길 3","616846","46541","","6","",129.010585596719,35.2265686376485
"MA0101202306A0046832","그린애플스터디카페","","R1","예술·스포츠","R102","도서관·사적지","R10202","독서실/스터디 카페","R90212","독서실 운영업","26","부산광역시","26350","해운대구","26350552","좌2동","2635010700","좌동","2635010700114840002","1","대지",1484,2,"부산광역시 해운대구 좌동 1484-2","263503133010","부산광역시 해운대구 세실로",43,,"2635010700114840002026386","경동코아","부산광역시 해운대구 세실로 43","612842","48111","","10","",129.178452578958,35.1687658415652
"MA0101202305A0053209","스터디체인지247","","R1","예술·스포츠","R102","도서관·사적지","R10202","독서실/스터디 카페","R90212","독서실 운영업","26","부산광역시","26470","연제구","26470610","거제1동","2647010100","거제동","2647010100100750007","1","대지",75,7,"부산광역시 연제구 거제동 75-7","264702000010","부산광역시 연제구 중앙대로",1197,,"2647010100100490000000001","","부산광역시 연제구 중앙대로 1197","611802","47506","","3","",129.077942608542,35.1934938710827
"MA0101202305A0139235","무한스터디카페","괴정점","R1","예술·스포츠","R102","도서관·사적지","R10202","독서실/스터디 카페","R90212","독서실 운영업","26","부산광역시","26380","사하구","26380510","괴정1동","2638010100","괴정동","2638010100107400001","1","대지",740,1,"부산광역시 사하구 괴정동 740-1","263802006002","부산광역시 사하구 낙동대로",261,,"2638010100107400001037694","제자유상가","부산광역시 사하구 낙동대로 261","604855","49379","","3","",128.988541553088,35.0989300192167
"MA0101202306A0082442","스터디고부산","화명점","R1","예술·스포츠","R102","도서관·사적지","R10202","독서실/스터디 카페","R90212","독서실 운영업","26","부산광역시","26320","북구","26320541","화명1동","2632010200","화명동","2632010200111300015","1","대지",1130,15,"부산광역시 북구 화명동 1130-15","263202132001","부산광역시 북구 금곡대로",230,,"2632010200111300015004313","","부산광역시 북구 금곡대로 230","616854","46537","","6","",129.012924193604,35.2287646391523
"MA0101202306A0000841","플로우아카데미","","R1","예술·스포츠","R102","도서관·사적지","R10202","독서실/스터디 카페","R90212","독서실 운영업","26","부산광역시","26230","부산진구","26230670","당감1동","2623010900","당감동","2623010900102520001","1","대지",252,1,"부산광역시 부산진구 당감동 252-1","262303129006","부산광역시 부산진구 당감로",26,,"2623010900102520001016386","부산진신용협동조합","부산광역시 부산진구 당감로 26","614817","47181","","6","",129.039724359864,35.1638918346802
"MA0101202308A0024811","공부인스터디카페마린시티센터","","R1","예술·스포츠","R102","도서관·사적지","R10202","독서실/스터디 카페","R90212","독서실 운영업","26","부산광역시","26350","해운대구","26350525","우3동","2635010500","우동","2635010500114050000","1","대지",1405,,"부산광역시 해운대구 우동 1405","263503133004","부산광역시 해운대구 마린시티2로",2,,"2635010500114050000011274","마린파크","부산광역시 해운대구 마린시티2로 2","612020","48092","","20","",129.144239431622,35.1593287860931
"MA0101202307A0057323","화이트펜슬스터디카페망미점","","R1","예술·스포츠","R102","도서관·사적지","R10202","독서실/스터디 카페","R90212","독서실 운영업","26","부산광역시","26500","수영구","26500740","망미1동","2650010100","망미동","2650010100108260052","1","대지",826,52,"부산광역시 수영구 망미동 826-52","265004214317","부산광역시 수영구 연수로275번길",34,,"2650010100108260052013711","","부산광역시 수영구 연수로275번길 34","613826","48208","","2","",129.101058794528,35.1746212620833
"MA0101202307A0090382","작심부산","초읍점","R1","예술·스포츠","R102","도서관·사적지","R10202","독서실/스터디 카페","R90212","독서실 운영업","26","부산광역시","26230","부산진구","26230540","연지동","2623010600","연지동","2623010600103530001","1","대지",353,1,"부산광역시 부산진구 연지동 353-1","262303129024","부산광역시 부산진구 새싹로",177,,"2623010600103530001045026","세동한신","부산광역시 부산진구 새싹로 177","614789","47109","","","",129.049506925056,35.1719542813009
"MA0101202306A0108389","우동점멘토즈스터디카페","해운대","R1","예술·스포츠","R102","도서관·사적지","R10202","독서실/스터디 카페","R90212","독서실 운영업","26","부산광역시","26350","해운대구","26350520","우2동","2635010500","우동","2635010500114180009","1","대지",1418,9,"부산광역시 해운대구 우동 1418-9","263503133043","부산광역시 해운대구 해운대해변로",43,1,"2635010500114180001018550","","부산광역시 해운대구 해운대해변로 43-1","612894","48089","","5","",129.139743586248,35.1644727491247
"MA0101202306A0079131","아이비스터디카페","","R1","예술·스포츠","R102","도서관·사적지","R10202","독서실/스터디 카페","R90212","독서실 운영업","26","부산광역시","26380","사하구","26380590","장림2동","2638010500","장림동","2638010500102410040","1","대지",241,40,"부산광역시 사하구 장림동 241-40","263803134007","부산광역시 사하구 다대로",247,,"2638010500200290004030295","BC빌딩","부산광역시 사하구 다대로 247","604840","49509","","","",128.977554009848,35.0803020349561
"MA0101202307A0078815","루나스테이","","R1","예술·스포츠","R102","도서관·사적지","R10202","독서실/스터디 카페","R90212","독서실 운영업","26","부산광역시","26500","수영구","26500760","광안1동","2650010400","광안동","2650010400100960030","1","대지",96,30,"부산광역시 수영구 광안동 96-30","265004214203","부산광역시 수영구 무학로9번길",54,3,"2650010400100960030000001","1~5층","부산광역시 수영구 무학로9번길 54-3","613801","48268","","","",129.115726184627,35.1642098923414
"MA0101202306A0006660","스터디카페더딩글대연","","R1","예술·스포츠","R102","도서관·사적지","R10202","독서실/스터디 카페","R90212","독서실 운영업","26","부산광역시","26290","남구","26290550","대연5동","2629010600","대연동","2629010600114670002","1","대지",1467,2,"부산광역시 남구 대연동 1467-2","262904193432","부산광역시 남구 진남로46번길",27,,"2629010600114670002005139","","부산광역시 남구 진남로46번길 27","608808","48437","","2","",129.090168809028,35.1393582532905
"MA0101202309A0015448","정학교스터디인강카페","","R1","예술·스포츠","R102","도서관·사적지","R10202","독서실/스터디 카페","R90212","독서실 운영업","26","부산광역시","26410","금정구","26410610","장전2동","2641010800","장전동","2641010800102930097","1","대지",293,97,"부산광역시 금정구 장전동 293-97","264104205358","부산광역시 금정구 장전로12번길",56,,"2641010800102930097003598","좌호","부산광역시 금정구 장전로12번길 56","609392","46291","","2","",129.088606288969,35.2300862662804
"MA0101202308A0011904","무한스터디카페","남산점","R1","예술·스포츠","R102","도서관·사적지","R10202","독서실/스터디 카페","R90212","독서실 운영업","26","부산광역시","26410","금정구","26410670","남산동","2641010400","남산동","2641010400104850013","1","대지",485,13,"부산광역시 금정구 남산동 485-13","264103135020","부산광역시 금정구 두실로",36,,"2641010400104850013012659","남산동크리닉센터","부산광역시 금정구 두실로 36","609813","46226","","2","",129.08757788314,35.2610853943771
"MA0101202307A0071684","화이트펜슬영도","동삼점","R1","예술·스포츠","R102","도서관·사적지","R10202","독서실/스터디 카페","R90212","독서실 운영업","26","부산광역시","26200","영도구","26200650","동삼1동","2620012100","동삼동","2620012100102310019","1","대지",231,19,"부산광역시 영도구 동삼동 231-19","262003128009","부산광역시 영도구 동삼로",89,,"2620012100101530005001986","","부산광역시 영도구 동삼로 89","606806","49098","","","",129.07049021444,35.0813817492522
"MA0101202307A0084011","스터디카페드림라인","","R1","예술·스포츠","R102","도서관·사적지","R10202","독서실/스터디 카페","R90212","독서실 운영업","26","부산광역시","26230","부산진구","26230660","부암3동","2623010800","부암동","2623010800107240001","1","대지",724,1,"부산광역시 부산진구 부암동 724-1","262304187311","부산광역시 부산진구 백양산로53번길",8,,"2623010800107240001000001","진흥빌딩","부산광역시 부산진구 백양산로53번길 8","614093","47148","","9","",129.030662530527,35.1737046328114
"MA0101202307A0055343","피닉스스터디카페","","R1","예술·스포츠","R102","도서관·사적지","R10202","독서실/스터디 카페","R90212","독서실 운영업","26","부산광역시","26140","서구","26140590","부민동","2614010900","부민동1가","2614010900100160001","1","대지",16,1,"부산광역시 서구 부민동1가 16-1","261403006005","부산광역시 서구 구덕로",220,,"2614010900100160001023950","한웅캠퍼스","부산광역시 서구 구덕로 220","602816","49223","","12","",129.020294712823,35.1041724019863
"MA0101202306A0010477","스터디엔카페","","R1","예술·스포츠","R102","도서관·사적지","R10202","독서실/스터디 카페","R90212","독서실 운영업","26","부산광역시","26320","북구","26320541","화명1동","2632010200","화명동","2632010200109770005","1","대지",977,5,"부산광역시 북구 화명동 977-5","263204196041","부산광역시 북구 금곡대로199번길",3,,"2632010200109770005000001","","부산광역시 북구 금곡대로199번길 3","616846","46541","","6","",129.010585596719,35.2265686376485
"MA0101202305A0080074","신멘토즈스터디카페","만덕점","R1","예술·스포츠","R102","도서관·사적지","R10202","독서실/스터디 카페","R90212","독서실 운영업","26","부산광역시","26320","북구","26320572","만덕2동","2632010300","만덕동","2632010300102560013","1","대지",256,13,"부산광역시 북구 만덕동 256-13","263204196166","부산광역시 북구 만덕2로44번길",57,,"2632010300102560013017658","","부산광역시 북구 만덕2로44번길 57","616826","46565","","2","",129.034454542356,35.2104624794108
"MA0101202303A0043934","어썸팩토리부산개금독서실","","R1","예술·스포츠","R102","도서관·사적지","R10202","독서실/스터디 카페","R90212","독서실 운영업","26","부산광역시","26230","부산진구","26230760","개금3동","2623011100","개금동","2623011100104610002","1","대지",461,2,"부산광역시 부산진구 개금동 461-2","262302006008","부산광역시 부산진구 백양대로",301,,"2623011100104620001027333","서일빌딩","부산광역시 부산진구 백양대로 301","614811","47266","","3","",129.018613260013,35.1542335865326
"MA0101202303A0074239","공간위지인","","R1","예술·스포츠","R102","도서관·사적지","R10202","독서실/스터디 카페","R90212","독서실 운영업","26","부산광역시","26380","사하구","26380510","괴정1동","2638010100","괴정동","2638010100104880007","1","대지",488,7,"부산광역시 사하구 괴정동 488-7","263804202074","부산광역시 사하구 괴정로284번길",23,,"2638010100104880007019963","","부산광역시 사하구 괴정로284번길 23","604812","49388","","","",128.991527764999,35.0959251061028
"MA0101202308A0104941","인투스터디카페좌동점","해운대","R1","예술·스포츠","R102","도서관·사적지","R10202","독서실/스터디 카페","R90212","독서실 운영업","26","부산광역시","26350","해운대구","26350552","좌2동","2635010700","좌동","2635010700114510001","1","대지",1451,1,"부산광역시 해운대구 좌동 1451-1","263503133042","부산광역시 해운대구 청사포로",16,,"2635010700114510001014311","락희상가","부산광역시 해운대구 청사포로 16","612843","48113","","","",129.183740609574,35.1662465295664
"MA0101202309A0006421","스카이미라클","","R1","예술·스포츠","R102","도서관·사적지","R10202","독서실/스터디 카페","R90212","독서실 운영업","26","부산광역시","26380","사하구","26380601","다대1동","2638010600","다대동","2638010600115480035","1","대지",1548,35,"부산광역시 사하구 다대동 1548-35","263803134007","부산광역시 사하구 다대로",702,,"2638010600115480035008916","","부산광역시 사하구 다대로 702","604827","49505","","5","",128.965083284295,35.0489631019279
"MA0101202308A0087180","해원스터디","","R1","예술·스포츠","R102","도서관·사적지","R10202","독서실/스터디 카페","R90212","독서실 운영업","26","부산광역시","26260","동래구","26260520","복산동","2626010500","복천동","2626010500104950001","1","대지",495,1,"부산광역시 동래구 복천동 495-1","262603130008","부산광역시 동래구 복천로",14,,"2626010500104950001016505","","부산광역시 동래구 복천로 14","607020","47802","","3","",129.087539965332,35.2056114373596
"MA0101202309A0015142","무한스터디카페다대블루점","","R1","예술·스포츠","R102","도서관·사적지","R10202","독서실/스터디 카페","R90212","독서실 운영업","26","부산광역시","26380","사하구","26380602","다대2동","2638010600","다대동","2638010600100330002","1","대지",33,2,"부산광역시 사하구 다대동 33-2","263803134009","부산광역시 사하구 다송로",38,,"2638010600100330002004492","","부산광역시 사하구 다송로 38","604052","49518","","6","",128.98202645824,35.0639715611434
"MA0101202310A0049066","취뽀스터디","","R1","예술·스포츠","R102","도서관·사적지","R10202","독서실/스터디 카페","R90212","독서실 운영업","26","부산광역시","26530","사상구","26530620","괘법동","2653010400","괘법동","2653010400105470014","1","대지",547,14,"부산광역시 사상구 괘법동 547-14","265304217048","부산광역시 사상구 광장로86번길",6,,"2653010400105470014018296","","부산광역시 사상구 광장로86번길 6","617807","46975","","1","",128.986221743799,35.1614468445961
"MA0101202308A0021946","공감스터디라운지","","R1","예술·스포츠","R102","도서관·사적지","R10202","독서실/스터디 카페","R90212","독서실 운영업","26","부산광역시","26710","기장군","26710256","정관읍","2671025628","정관읍","2671025628113660003","1","대지",1366,3,"부산광역시 기장군 정관읍 용수리 1366-3","267103140047","부산광역시 기장군 정관읍 정관로",489,,"2671032028113660003000001","제일프라자","부산광역시 기장군 정관읍 정관로 489","619963","46012","","4","",129.170358983907,35.326356428464
"MA0101202310A0004749","진음악연습실","","R1","예술·스포츠","R102","도서관·사적지","R10202","독서실/스터디 카페","R90212","독서실 운영업","26","부산광역시","26410","금정구","26410680","구서1동","2641010700","구서동","2641010700100840001","1","대지",84,1,"부산광역시 금정구 구서동 84-1","264102000010","부산광역시 금정구 중앙대로",1817,11,"2641010700100840001013737","동편호","부산광역시 금정구 중앙대로 1817-11","609854","46273","","3","",129.091904943731,35.2464841984267
"MA0101202311A0037846","스터디카페더딩글좌동","해운대","R1","예술·스포츠","R102","도서관·사적지","R10202","독서실/스터디 카페","R90212","독서실 운영업","26","부산광역시","26350","해운대구","26350551","좌1동","2635010700","좌동","2635010700108620000","1","대지",862,,"부산광역시 해운대구 좌동 862","263503133029","부산광역시 해운대구 양운로",122,,"2635010700108620000022528","","부산광역시 해운대구 양운로 122","612835","48079","","4","",129.173103733924,35.1735478751572
"MA0101202310A0089741","부경대써밋점멘토즈스터디카페","","R1","예술·스포츠","R102","도서관·사적지","R10202","독서실/스터디 카페","R90212","독서실 운영업","26","부산광역시","26290","남구","26290530","대연3동","2629010600","대연동","2629010600100180001","1","대지",18,1,"부산광역시 남구 대연동 18-1","262904193475","부산광역시 남구 황령대로492번길",24,,"2629010600100180002000163","세영빌딩","부산광역시 남구 황령대로492번길 24","608804","48510","","","",129.106287654231,35.1377813790934
"MA0101202310A0096489","곰돌이푸우인강스터디카페","","R1","예술·스포츠","R102","도서관·사적지","R10202","독서실/스터디 카페","R90212","독서실 운영업","26","부산광역시","26410","금정구","26410610","장전2동","2641010800","장전동","2641010800102930006","1","대지",293,6,"부산광역시 금정구 장전동 293-6","264104205358","부산광역시 금정구 장전로12번길",45,,"2641010800102930006007818","","부산광역시 금정구 장전로12번길 45","609392","46291","","4","",129.088171456994,35.2298324387516
"MA0101202309A0058896","국제점멘토즈스터디카페","명지","R1","예술·스포츠","R102","도서관·사적지","R10202","독서실/스터디 카페","R90212","독서실 운영업","26","부산광역시","26440","강서구","26440535","명지1동","2644010400","명지동","2644010400134120002","1","대지",3412,2,"부산광역시 강서구 명지동 3412-2","264403350868","부산광역시 강서구 명지국제8로",234,,"2644010400134120002000001","","부산광역시 강서구 명지국제8로 234","618200","46772","","3","",128.918394091571,35.0979067946889
"MA0101202309A0032240","르하임스터디카페부산","문현점","R1","예술·스포츠","R102","도서관·사적지","R10202","독서실/스터디 카페","R90212","독서실 운영업","26","부산광역시","26290","남구","26290700","문현3동","2629010900","문현동","2629010900103610006","1","대지",361,6,"부산광역시 남구 문현동 361-6","262903131037","부산광역시 남구 수영로",25,,"2629010900103610011015374","","부산광역시 남구 수영로 25","608824","48415","","5","",129.070565134238,35.1372167383775
"MA0101202310A0061147","도심속도서관","","R1","예술·스포츠","R102","도서관·사적지","R10202","독서실/스터디 카페","R90212","독서실 운영업","26","부산광역시","26230","부산진구","26230520","부전2동","2623010300","부전동","2623010300102250005","1","대지",225,5,"부산광역시 부산진구 부전동 225-5","262304187686","부산광역시 부산진구 중앙대로680번길",30,,"2623010300102250005052757","","부산광역시 부산진구 중앙대로680번길 30","614846","47296","","2","",129.060810593189,35.1532345470943
"MA0101202309A0044286","두잇스터디카페부산민락센터","","R1","예술·스포츠","R102","도서관·사적지","R10202","독서실/스터디 카페","R90212","독서실 운영업","26","부산광역시","26500","수영구","26500800","민락동","2650010300","민락동","2650010300101100073","1","대지",110,73,"부산광역시 수영구 민락동 110-73","265003138005","부산광역시 수영구 광안해변로",368,,"2650010300101100073015458","","부산광역시 수영구 광안해변로 368","613827","48280","","2","",129.13308654988,35.155804010929
"MA0101202311A0083272","프렌즈프리미엄독서실","","R1","예술·스포츠","R102","도서관·사적지","R10202","독서실/스터디 카페","R90212","독서실 운영업","26","부산광역시","26260","동래구","26260590","사직2동","2626010900","사직동","2626010900100430009","1","대지",43,9,"부산광역시 동래구 사직동 43-9","262604190231","부산광역시 동래구 사직로70번길",56,,"2626010900100430009021432","","부산광역시 동래구 사직로70번길 56","607815","47864","","","",129.057667392129,35.19787740016
"MA0101202406A0367117","에스엔에스스터디카페","","R1","예술·스포츠","R102","도서관·사적지","R10202","독서실/스터디 카페","R90212","독서실 운영업","26","부산광역시","26710","기장군","26710256","정관읍","2671025622","정관읍","2671025622107130004","1","대지",713,4,"부산광역시 기장군 정관읍 매학리 713-4","267103140047","부산광역시 기장군 정관읍 정관로",569,,"2671032022107130004000001","정관제일타워","부산광역시 기장군 정관읍 정관로 569","619963","46015","","","",129.176259679862,35.3216996667595
"MA0101202311A0019413","엘리트21프리미엄스터디카페","","R1","예술·스포츠","R102","도서관·사적지","R10202","독서실/스터디 카페","R90212","독서실 운영업","26","부산광역시","26140","서구","26140530","동대신3동","2614010300","동대신동3가","2614010300103500010","1","대지",350,10,"부산광역시 서구 동대신동3가 350-10","261404178058","부산광역시 서구 구덕로334번길",6,,"2614010300103500010004146","","부산광역시 서구 구덕로334번길 6","602813","49211","","2","",129.016225100346,35.1134682279662
"MA0101202406A0595033","조앤케이","","R1","예술·스포츠","R102","도서관·사적지","R10202","독서실/스터디 카페","R90212","독서실 운영업","26","부산광역시","26470","연제구","26470690","연산5동","2647010200","연산동","2647010200113310005","1","대지",1331,5,"부산광역시 연제구 연산동 1331-5","264703137024","부산광역시 연제구 중앙천로",94,,"2647010200113310034025151","","부산광역시 연제구 중앙천로 94","611839","47598","","8","",129.078686451729,35.1817570779031
"MA0101202406A0479833","지혜의숲스터디라운지","","R1","예술·스포츠","R102","도서관·사적지","R10202","독서실/스터디 카페","R90212","독서실 운영업","26","부산광역시","26350","해운대구","26350554","좌4동","2635010700","좌동","2635010700114070002","1","대지",1407,2,"부산광역시 해운대구 좌동 1407-2","263503133039","부산광역시 해운대구 좌동순환로",173,,"2635010700114070002026799","영풍프라자","부산광역시 해운대구 좌동순환로 173","612863","48075","","","",129.175278913534,35.1781586821504
"MA0101202310A0063345","스터디카페아르","","R1","예술·스포츠","R102","도서관·사적지","R10202","독서실/스터디 카페","R90212","독서실 운영업","26","부산광역시","26500","수영구","26500770","광안2동","2650010400","광안동","2650010400101920004","1","대지",192,4,"부산광역시 수영구 광안동 192-4","265004214065","부산광역시 수영구 광안로62번길",21,,"2650010400101920004019267","청일디오브오션뷰","부산광역시 수영구 광안로62번길 21","613805","48303","","3","",129.118232385089,35.1537938342778
"MA0101202309A0072129","원클래스독서실형스터디카페","","R1","예술·스포츠","R102","도서관·사적지","R10202","독서실/스터디 카페","R90212","독서실 운영업","26","부산광역시","26260","동래구","26260570","온천3동","2626010800","온천동","2626010800112480004","1","대지",1248,4,"부산광역시 동래구 온천동 1248-4","262602006012","부산광역시 동래구 아시아드대로",239,1,"2626010800112480004011513","","부산광역시 동래구 아시아드대로 239-1","607841","47851","","2","",129.06744357152,35.205451740135
"MA0101202309A0084131","그린베어스터디카페대연못골점","","R1","예술·스포츠","R102","도서관·사적지","R10202","독서실/스터디 카페","R90212","독서실 운영업","26","부산광역시","26290","남구","26290550","대연5동","2629010600","대연동","2629010600112810018","1","대지",1281,18,"부산광역시 남구 대연동 1281-18","262903131008","부산광역시 남구 못골로",49,,"2629010600112810018004941","","부산광역시 남구 못골로 49","608818","48438","","5","",129.087756664603,35.1359754461963
"MA0101202307A0075052","집현전독서실","","R1","예술·스포츠","R102","도서관·사적지","R10202","독서실/스터디 카페","R90212","독서실 운영업","26","부산광역시","26500","수영구","26500660","남천1동","2650010500","남천동","2650010500102960004","1","대지",296,4,"부산광역시 수영구 남천동 296-4","265002006014","부산광역시 수영구 황령대로",491,,"2650010500102960004011012","","부산광역시 수영구 황령대로 491","613816","48313","","7","",129.107752494776,35.1384317657657
"MA0101202308A0030452","작심스터디카페일광","신도시점","R1","예술·스포츠","R102","도서관·사적지","R10202","독서실/스터디 카페","R90212","독서실 운영업","26","부산광역시","26710","기장군","26710259","일광읍","2671025921","일광읍","2671025921107790000","1","대지",779,,"부산광역시 기장군 일광읍 삼성리 779","267103352377","부산광역시 기장군 일광읍 해빛3로",122,,"2671031021107790000000001","","부산광역시 기장군 일광읍 해빛3로 122","619912","46048","","","",129.222302499387,35.2669121900435
"MA0101202406A0500575","화이트펜슬스터디카페부민점","","R1","예술·스포츠","R102","도서관·사적지","R10202","독서실/스터디 카페","R90212","독서실 운영업","26","부산광역시","26140","서구","26140590","부민동","2614011000","부민동2가","2614011000100100020","1","대지",10,20,"부산광역시 서구 부민동2가 10-20","261403006005","부산광역시 서구 구덕로",207,,"2614011000100100020008058","","부산광역시 서구 구덕로 207","602072","49236","","5","",129.019741000684,35.1030641722361
"MA0101202406A0070899","볼튼스터디카페","","R1","예술·스포츠","R102","도서관·사적지","R10202","독서실/스터디 카페","R90212","독서실 운영업","26","부산광역시","26380","사하구","26380620","감천1동","2638010800","감천동","2638010800107130010","1","대지",713,10,"부산광역시 사하구 감천동 713-10","263803006004","부산광역시 사하구 감천로",61,,"2638010800107130010000001","","부산광역시 사하구 감천로 61","604806","49371","","3","",128.99944599106,35.0901533391788
"MA0101202406A0339739","스터디카페153","","R1","예술·스포츠","R102","도서관·사적지","R10202","독서실/스터디 카페","R90212","독서실 운영업","26","부산광역시","26530","사상구","26530593","모라3동","2653010200","모라동","2653010200105490017","1","대지",549,17,"부산광역시 사상구 모라동 549-17","265304217142","부산광역시 사상구 모라로110번길",40,47,"2653010200105490017010849","","부산광역시 사상구 모라로110번길 40-47","617821","46937","","1","",128.993401157373,35.1835788378955
"MA0101202406A0113430","신의스터디카페","","R1","예술·스포츠","R102","도서관·사적지","R10202","독서실/스터디 카페","R90212","독서실 운영업","26","부산광역시","26260","동래구","26260580","사직1동","2626010900","사직동","2626010900100980011","1","대지",98,11,"부산광역시 동래구 사직동 98-11","262603130009","부산광역시 동래구 사직로",7,,"2626010900100980011007998","","부산광역시 동래구 사직로 7","607817","47875","","5","",129.064926808813,35.1962488478378
"MA0101202406A0175220","청담스터디카페","","R1","예술·스포츠","R102","도서관·사적지","R10202","독서실/스터디 카페","L68112","비주거용 건물 임대업","26","부산광역시","26710","기장군","26710256","정관읍","2671025622","정관읍","2671025622107130002","1","대지",713,2,"부산광역시 기장군 정관읍 매학리 713-2","267103140047","부산광역시 기장군 정관읍 정관로",563,,"2671032022107130002000001","㎡중","부산광역시 기장군 정관읍 정관로 563","619963","46015","","","",129.175627835788,35.3219182999904
"MA0101202406A0463269","노마드N스터디","","R1","예술·스포츠","R102","도서관·사적지","R10202","독서실/스터디 카페","R90212","독서실 운영업","26","부산광역시","26350","해운대구","26350650","재송1동","2635010400","재송동","2635010400112120000","1","대지",1212,,"부산광역시 해운대구 재송동 1212","263503133020","부산광역시 해운대구 센텀중앙로",90,,"2635010400112120000000001","큐","부산광역시 해운대구 센텀중앙로 90","612051","48059","","3","",129.126432744148,35.1754398948144
"MA0101202406A0436198","스터디고","초량점","R1","예술·스포츠","R102","도서관·사적지","R10202","독서실/스터디 카페","R90212","독서실 운영업","26","부산광역시","26170","동구","26170530","초량3동","2617010100","초량동","2617010100101100025","1","대지",110,25,"부산광역시 동구 초량동 110-25","261703006002","부산광역시 동구 초량중로",103,,"2617010100101100025010395","","부산광역시 동구 초량중로 103","601827","48797","","2","",129.040110417897,35.1208996210463
"MA0101202406A0031795","광안역점아이덴스터디카페","","R1","예술·스포츠","R102","도서관·사적지","R10202","독서실/스터디 카페","R90212","독서실 운영업","26","부산광역시","26500","수영구","26500790","광안4동","2650010400","광안동","2650010400107440009","1","대지",744,9,"부산광역시 수영구 광안동 744-9","265003131037","부산광역시 수영구 수영로",577,,"2650010400107440009012011","지우메디팰리스","부산광역시 수영구 수영로 577","613809","48255","","14","",129.112717036525,35.1573325756559
"MA0101202406A0128430","세인트스터디카페","","R1","예술·스포츠","R102","도서관·사적지","R10202","독서실/스터디 카페","S96999","그 외 기타 달리 분류되지 않은 개인 서비스업","26","부산광역시","26410","금정구","26410600","장전1동","2641010800","장전동","2641010800101540002","1","대지",154,2,"부산광역시 금정구 장전동 154-2","264104205031","부산광역시 금정구 금강로335번길",23,,"2641010800101540002021568","","부산광역시 금정구 금강로335번길 23","609837","46282","","3","",129.085090615499,35.2377615978288
"MA0101202406A0376864","녹산멘토즈스터디카페","신호점","R1","예술·스포츠","R102","도서관·사적지","R10202","독서실/스터디 카페","R90212","독서실 운영업","26","부산광역시","26440","강서구","26440590","신호동","2644011700","신호동","2644011700102170001","1","대지",217,1,"부산광역시 강서구 신호동 217-1","264403136057","부산광역시 강서구 신호산단2로",33,,"2644011700102170001000001","골든뷰","부산광역시 강서구 신호산단2로 33","618290","46759","","3","",128.877767281935,35.0859441899645
"MA0101202406A0431133","다이아스터디카페","","R1","예술·스포츠","R102","도서관·사적지","R10202","독서실/스터디 카페","R90212","독서실 운영업","26","부산광역시","26230","부산진구","26230610","전포2동","2623010200","전포동","2623010200105950021","1","대지",595,21,"부산광역시 부산진구 전포동 595-21","262304187672","부산광역시 부산진구 전포대로275번길",17,,"2623010200105950021006605","","부산광역시 부산진구 전포대로275번길 17","614870","47241","","4","",129.064372040729,35.1613023694903
"MA0101202406A0486531","키포닝","","R1","예술·스포츠","R102","도서관·사적지","R10202","독서실/스터디 카페","R90212","독서실 운영업","26","부산광역시","26380","사하구","26380510","괴정1동","2638010100","괴정동","2638010100104840009","1","대지",484,9,"부산광역시 사하구 괴정동 484-9","263803134015","부산광역시 사하구 사하로",163,,"2638010100104840009034653","","부산광역시 사하구 사하로 163","604812","49382","","4","",128.993460326143,35.0964881164052
"MA0101202406A0511954","고미다락","","R1","예술·스포츠","R102","도서관·사적지","R10202","독서실/스터디 카페","R90212","독서실 운영업","26","부산광역시","26290","남구","26290530","대연3동","2629010600","대연동","2629010600100630003","1","대지",63,3,"부산광역시 남구 대연동 63-3","262904193203","부산광역시 남구 용소로14번길",23,,"2629010600100630003026653","","부산광역시 남구 용소로14번길 23","608805","48498","","","",129.099536328446,35.1354654601894
"MA0101202406A0193518","레디션부경대점","","R1","예술·스포츠","R102","도서관·사적지","R10202","독서실/스터디 카페","R90212","독서실 운영업","26","부산광역시","26290","남구","26290530","대연3동","2629010600","대연동","2629010600104270027","1","대지",427,27,"부산광역시 남구 대연동 427-27","262903131023","부산광역시 남구 용소로",28,,"2629010600104270027000978","금산빌딩","부산광역시 남구 용소로 28","608810","48498","","5","",129.100660027202,35.1347971459013
"MA0101202406A0152610","화이트펜슬스터디카페","부산하단역점","R1","예술·스포츠","R102","도서관·사적지","R10202","독서실/스터디 카페","R90212","독서실 운영업","26","부산광역시","26380","사하구","26380561","하단1동","2638010300","하단동","2638010300105920017","1","대지",592,17,"부산광역시 사하구 하단동 592-17","263803006030","부산광역시 사하구 낙동남로",1400,,"2638010300105920017000002","","부산광역시 사하구 낙동남로 1400","604850","49426","","5","",128.964681637223,35.1058076988254
"MA0101202406A0478043","아스트라","","R1","예술·스포츠","R102","도서관·사적지","R10202","독서실/스터디 카페","R90212","독서실 운영업","26","부산광역시","26410","금정구","26410600","장전1동","2641010800","장전동","2641010800102220038","1","대지",222,38,"부산광역시 금정구 장전동 222-38","264103006033","부산광역시 금정구 금정로",147,1,"2641010800102220038003703","동경한의원","부산광역시 금정구 금정로 147-1","609837","46283","","2","",129.087650774446,35.237798551243
"MA0101202406A0501770","기장한신점멘토즈스터디카페","","R1","예술·스포츠","R102","도서관·사적지","R10202","독서실/스터디 카페","R90212","독서실 운영업","26","부산광역시","26710","기장군","26710250","기장읍","2671025021","기장읍","2671025021101550001","1","대지",155,1,"부산광역시 기장군 기장읍 동부리 155-1","267104220316","부산광역시 기장군 기장읍 차성로338번길",28,,"2671025021101550001003548","","부산광역시 기장군 기장읍 차성로338번길 28","619905","46061","","2","",129.215478682543,35.2475191652181
"MA0101202406A0471991","두리드럼난타","","R1","예술·스포츠","R102","도서관·사적지","R10202","독서실/스터디 카페","R90212","독서실 운영업","26","부산광역시","26320","북구","26320560","덕천2동","2632010400","덕천동","2632010400105610011","1","대지",561,11,"부산광역시 북구 덕천동 561-11","263202132001","부산광역시 북구 금곡대로",118,,"2632010400105610011001905","","부산광역시 북구 금곡대로 118","616817","46545","","1","",129.007538709782,35.2196892780319
"MA0101202406A0041940","위더스음악연습실","","R1","예술·스포츠","R102","도서관·사적지","R10202","독서실/스터디 카페","R90212","독서실 운영업","26","부산광역시","26410","금정구","26410680","구서1동","2641010700","구서동","2641010700104900003","1","대지",490,3,"부산광역시 금정구 구서동 490-3","264103130034","부산광역시 금정구 체육공원로",23,,"2641010700104900003031901","","부산광역시 금정구 체육공원로 23","609800","46251","","2","",129.095463394555,35.2464586570584
"MA0101202406A0129930","부산장전점청담스터디카페","","R1","예술·스포츠","R102","도서관·사적지","R10202","독서실/스터디 카페","S96999","그 외 기타 달리 분류되지 않은 개인 서비스업","26","부산광역시","26410","금정구","26410590","부곡3동","2641010900","부곡동","2641010900102250006","1","대지",225,6,"부산광역시 금정구 부곡동 225-6","264104205391","부산광역시 금정구 중앙대로1719번길",29,,"2641010900102250006032908","경남한신","부산광역시 금정구 중앙대로1719번길 29","609753","46277","","6","",129.090623505283,35.2376480926003
"MA0101202406A0130171","아이덴스터디카페","장산역점","R1","예술·스포츠","R102","도서관·사적지","R10202","독서실/스터디 카페","R90212","독서실 운영업","26","부산광역시","26350","해운대구","26350552","좌2동","2635010700","좌동","2635010700114810001","1","대지",1481,1,"부산광역시 해운대구 좌동 1481-1","263504199084","부산광역시 해운대구 세실로27번길",23,,"2635010700114810001000001","샤인빌딩","부산광역시 해운대구 세실로27번길 23","612842","48111","","","",129.177785635138,35.1688589414014
"MA0101202406A0567137","리얼액션","","R1","예술·스포츠","R102","도서관·사적지","R10202","독서실/스터디 카페","R90212","독서실 운영업","26","부산광역시","26230","부산진구","26230600","전포1동","2623010200","전포동","2623010200106920001","1","대지",692,1,"부산광역시 부산진구 전포동 692-1","262304187662","부산광역시 부산진구 전포대로199번길",43,,"2623010200106920001000002","한일빌딩","부산광역시 부산진구 전포대로199번길 43","614745","47297","","3","",129.062855943491,35.1542811211799
"MA0101202406A0170402","바로스터디카페","","R1","예술·스포츠","R102","도서관·사적지","R10202","독서실/스터디 카페","R90212","독서실 운영업","26","부산광역시","26350","해운대구","26350552","좌2동","2635010700","좌동","2635010700113270005","1","대지",1327,5,"부산광역시 해운대구 좌동 1327-5","263503133039","부산광역시 해운대구 좌동순환로",308,,"2635010700113270005019264","송강빌딩","부산광역시 해운대구 좌동순환로 308","612840","48110","","5","",129.18256544622,35.1686737524103
"MA0101202406A0409837","씨유고시텔","","R1","예술·스포츠","R102","도서관·사적지","R10202","독서실/스터디 카페","R90212","독서실 운영업","26","부산광역시","26530","사상구","26530620","괘법동","2653010400","괘법동","2653010400105230007","1","대지",523,7,"부산광역시 사상구 괘법동 523-7","265304217213","부산광역시 사상구 사상로243번길",14,4,"2653010400105230007009682","","부산광역시 사상구 사상로243번길 14-4","617808","46963","","","",128.98150247445,35.166850104102
"MA0101202406A0424395","산책스튜디오","","R1","예술·스포츠","R102","도서관·사적지","R10202","독서실/스터디 카페","R90212","독서실 운영업","26","부산광역시","26320","북구","26320543","화명3동","2632010200","화명동","2632010200122710006","1","대지",2271,6,"부산광역시 북구 화명동 2271-6","263203132027","부산광역시 북구 화명신도시로",127,,"2632010200122710006008634","범서미라클","부산광역시 북구 화명신도시로 127","616852","46524","","10","",129.01059378021,35.2353548304879
"MA0101202406A0519063","작심독서실","","R1","예술·스포츠","R102","도서관·사적지","R10202","독서실/스터디 카페","R90212","독서실 운영업","26","부산광역시","26290","남구","26290700","문현3동","2629010900","문현동","2629010900104030009","1","대지",403,9,"부산광역시 남구 문현동 403-9","262903131037","부산광역시 남구 수영로",11,,"2629010900104030009030507","","부산광역시 남구 수영로 11","608824","48415","","2","",129.069196271966,35.1373122215965
"MA0101202406A0009446","지게이트","","R1","예술·스포츠","R102","도서관·사적지","R10202","독서실/스터디 카페","R90212","독서실 운영업","26","부산광역시","26710","기장군","26710256","정관읍","2671025627","정관읍","2671025627107410003","1","대지",741,3,"부산광역시 기장군 정관읍 모전리 741-3","267103140040","부산광역시 기장군 정관읍 정관2로",47,,"2671032027107410003000001","PL아파트","부산광역시 기장군 정관읍 정관2로 47","619962","46008","","3","",129.16710106811,35.3344708976393
"MA0101202406A0087884","신상준스터디","","R1","예술·스포츠","R102","도서관·사적지","R10202","독서실/스터디 카페","R90212","독서실 운영업","26","부산광역시","26470","연제구","26470620","거제2동","2647010100","거제동","2647010100108940002","1","대지",894,2,"부산광역시 연제구 거제동 894-2","264702006012","부산광역시 연제구 아시아드대로",93,,"2647010100108940002009530","","부산광역시 연제구 아시아드대로 93","611807","47501","","2","",129.066599030712,35.1929220788512
"MA0101202408A0031097","토즈스터디센터좌동독서실","","R1","예술·스포츠","R102","도서관·사적지","R10202","독서실/스터디 카페","R90212","독서실 운영업","26","부산광역시","26350","해운대구","26350554","좌4동","2635010700","좌동","2635010700114070003","1","대지",1407,3,"부산광역시 해운대구 좌동 1407-3","263503133039","부산광역시 해운대구 좌동순환로",175,,"2635010700114070003029935","대하프라자","부산광역시 해운대구 좌동순환로 175","612863","48075","","","",129.175529788345,35.1781001061376
"MA0101202408A0055666","스터디큐브관리형독서실","","R1","예술·스포츠","R102","도서관·사적지","R10202","독서실/스터디 카페","R90212","독서실 운영업","26","부산광역시","26140","서구","26140520","동대신2동","2614010200","동대신동2가","2614010200103370000","1","대지",337,,"부산광역시 서구 동대신동2가 337","261403006005","부산광역시 서구 구덕로",318,,"2614010200103350001020258","","부산광역시 서구 구덕로 318","602811","49217","","3","",129.016884882619,35.1122046130925
"MA0101202408A0038998","바로독서실","","R1","예술·스포츠","R102","도서관·사적지","R10202","독서실/스터디 카페","R90212","독서실 운영업","26","부산광역시","26350","해운대구","26350552","좌2동","2635010700","좌동","2635010700113270005","1","대지",1327,5,"부산광역시 해운대구 좌동 1327-5","263503133039","부산광역시 해운대구 좌동순환로",308,,"2635010700113270005019264","송강빌딩","부산광역시 해운대구 좌동순환로 308","612840","48110","","5","",129.18256544622,35.1686737524103
"MA0101202406A0038701","화이트펜슬","부산대점","R1","예술·스포츠","R102","도서관·사적지","R10202","독서실/스터디 카페","R90212","독서실 운영업","26","부산광역시","26410","금정구","26410610","장전2동","2641010800","장전동","2641010800103020009","1","대지",302,9,"부산광역시 금정구 장전동 302-9","264104205109","부산광역시 금정구 금정로60번길",24,,"2641010800103020009017297","해자빌딩","부산광역시 금정구 금정로60번길 24","609392","46292","","6","",129.087482061378,35.2295018984243
"MA0101202409A0030882","아이덴스터디카페","사직점","R1","예술·스포츠","R102","도서관·사적지","R10202","독서실/스터디 카페","R90212","독서실 운영업","26","부산광역시","26260","동래구","26260580","사직1동","2626010900","사직동","2626010900100770037","1","대지",77,37,"부산광역시 동래구 사직동 77-37","262603130010","부산광역시 동래구 사직북로",18,,"2626010900100770037008326","","부산광역시 동래구 사직북로 18","607817","47866","","5","",129.06074235494,35.1974826497638
"MA0101202408A0054889","백퍼센트독서실","","R1","예술·스포츠","R102","도서관·사적지","R10202","독서실/스터디 카페","R90212","독서실 운영업","26","부산광역시","26350","해운대구","26350570","반여1동","2635010300","반여동","2635010300114320003","1","대지",1432,3,"부산광역시 해운대구 반여동 1432-3","263503133009","부산광역시 해운대구 선수촌로",66,1,"2635010300114320003000001","일부","부산광역시 해운대구 선수촌로 66-1","612811","48039","","3","",129.119469006233,35.1993162257883
"MA0101202409A0121261","그로잉스터디라운지","","R1","예술·스포츠","R102","도서관·사적지","R10202","독서실/스터디 카페","R90212","독서실 운영업","26","부산광역시","26320","북구","26320571","만덕1동","2632010300","만덕동","2632010300108300011","1","대지",830,11,"부산광역시 북구 만덕동 830-11","263203132006","부산광역시 북구 만덕1로",9,,"2632010300108300011005095","세영빌딩","부산광역시 북구 만덕1로 9","616828","46561","","5","",129.036298613174,35.2139550007637
"MA0101202406A0017467","오션스터디카페","","R1","예술·스포츠","R102","도서관·사적지","R10202","독서실/스터디 카페","R90212","독서실 운영업","26","부산광역시","26320","북구","26320510","구포1동","2632010500","구포동","2632010500106510004","1","대지",651,4,"부산광역시 북구 구포동 651-4","263204196100","부산광역시 북구 낙동대로1780번길",95,,"2632010500106510004015815","","부산광역시 북구 낙동대로1780번길 95","616803","46582","","4","",129.003982041294,35.2058973135025
"MA0101202408A0061046","부산청담독서실","정관점","R1","예술·스포츠","R102","도서관·사적지","R10202","독서실/스터디 카페","R90212","독서실 운영업","26","부산광역시","26710","기장군","26710256","정관읍","2671025622","정관읍","2671025622107130002","1","대지",713,2,"부산광역시 기장군 정관읍 매학리 713-2","267103140047","부산광역시 기장군 정관읍 정관로",563,,"2671032022107130002000001","㎡중","부산광역시 기장군 정관읍 정관로 563","619963","46015","","","",129.175627835788,35.3219182999904
"MA0101202409A0030438","작심스터디카페","서구점","R1","예술·스포츠","R102","도서관·사적지","R10202","독서실/스터디 카페","R90212","독서실 운영업","26","부산광역시","26140","서구","26140680","암남동","2614012400","암남동","2614012400107710000","1","대지",771,,"부산광역시 서구 암남동 771","261403006011","부산광역시 서구 암남공원로",16,,"2614012400105460007023714","비스타동원더비치테라스","부산광역시 서구 암남공원로 16","602030","49270","","","",129.014137414647,35.0749775392111
"MA0101202409A0242250","온천장역점아이덴스터디카페","","R1","예술·스포츠","R102","도서관·사적지","R10202","독서실/스터디 카페","R90212","독서실 운영업","26","부산광역시","26260","동래구","26260550","온천1동","2626010800","온천동","2626010800101530023","1","대지",153,23,"부산광역시 동래구 온천동 153-23","262603130032","부산광역시 동래구 온천장로",123,1,"2626010800101530023013198","드림메티컬","부산광역시 동래구 온천장로 123-1","607831","47708","","10","",129.08477859291,35.2217085169428
"MA0101202409A0230269","샤학관관리형스터디카페","","R1","예술·스포츠","R102","도서관·사적지","R10202","독서실/스터디 카페","R90212","독서실 운영업","26","부산광역시","26260","동래구","26260580","사직1동","2626010900","사직동","2626010900100250028","1","대지",25,28,"부산광역시 동래구 사직동 25-28","262603130010","부산광역시 동래구 사직북로",36,,"2626010900100250028021282","","부산광역시 동래구 사직북로 36","607814","47859","","3","",129.060124891617,35.1991152425052
"MA0101202409A0120278","쿰스터디카페","","R1","예술·스포츠","R102","도서관·사적지","R10202","독서실/스터디 카페","R90212","독서실 운영업","26","부산광역시","26200","영도구","26200640","청학2동","2620012000","청학동","2620012000100840008","1","대지",84,8,"부산광역시 영도구 청학동 84-8","262003128021","부산광역시 영도구 조내기로",46,,"2620012000100840008000001","진주빌","부산광역시 영도구 조내기로 46","606819","49086","","2","",129.064184352263,35.0860762522702
"MA0101202409A0095692","멘토즈스터디카페부산","연산점","R1","예술·스포츠","R102","도서관·사적지","R10202","독서실/스터디 카페","R90212","독서실 운영업","26","부산광역시","26470","연제구","26470650","연산1동","2647010200","연산동","2647010200105820001","1","대지",582,1,"부산광역시 연제구 연산동 582-1","264703130026","부산광역시 연제구 반송로",89,,"2647010200105820001000001","","부산광역시 연제구 반송로 89","611821","47518","","4","",129.088299530157,35.1915403725132
"MA0101202409A0224671","디딤스터디카페연산토곡점","","R1","예술·스포츠","R102","도서관·사적지","R10202","독서실/스터디 카페","R90212","독서실 운영업","26","부산광역시","26470","연제구","26470730","연산9동","2647010200","연산동","2647010200104800033","1","대지",480,33,"부산광역시 연제구 연산동 480-33","264704211065","부산광역시 연제구 고분로236번길",10,,"2647010200104800033009486","","부산광역시 연제구 고분로236번길 10","611812","47570","","3","",129.107709899749,35.1839767505374
"MA0101202409A0268565","하담독서실","","R1","예술·스포츠","R102","도서관·사적지","R10202","독서실/스터디 카페","R90212","독서실 운영업","26","부산광역시","26410","금정구","26410690","구서2동","2641010700","구서동","2641010700110260013","1","대지",1026,13,"부산광역시 금정구 구서동 1026-13","264103006032","부산광역시 금정구 금샘로",369,,"2641010700110260013008253","세인빌딩","부산광역시 금정구 금샘로 369","609805","46235","","3","",129.084328392127,35.2560409592223
"MA0101202409A0135526","르하임스터디카페오션시티점","명지","R1","예술·스포츠","R102","도서관·사적지","R10202","독서실/스터디 카페","R90212","독서실 운영업","26","부산광역시","26440","강서구","26440545","명지2동","2644010400","명지동","2644010400132380000","1","대지",3238,,"부산광역시 강서구 명지동 3238","264403136039","부산광역시 강서구 명지오션시티11로",66,,"2644010400132380000000001","G타워","부산광역시 강서구 명지오션시티11로 66","618814","46765","","6","",128.903158611712,35.0840251815594
"MA0101202409A0147334","화이트펜슬","신평점","R1","예술·스포츠","R102","도서관·사적지","R10202","독서실/스터디 카페","R90212","독서실 운영업","26","부산광역시","26380","사하구","26380572","신평2동","2638010400","신평동","2638010400104520023","1","대지",452,23,"부산광역시 사하구 신평동 452-23","263803134026","부산광역시 사하구 하신중앙로",176,,"2638010400104520023010181","","부산광역시 사하구 하신중앙로 176","604834","49419","","4","",128.962755063601,35.0945199963718
"MA0101202409A0199598","인스터디카페","","R1","예술·스포츠","R102","도서관·사적지","R10202","독서실/스터디 카페","R90212","독서실 운영업","26","부산광역시","26290","남구","26290590","용호3동","2629010700","용호동","2629010700103930004","1","대지",393,4,"부산광역시 남구 용호동 393-4","262904193051","부산광역시 남구 동명로146번길",3,,"2629010700103930004012560","인스터디카페","부산광역시 남구 동명로146번길 3","608834","48584","","2","",129.112836645954,35.1190945086214
"MA0101202409A0238031","수스터디카페","","R1","예술·스포츠","R102","도서관·사적지","R10202","독서실/스터디 카페","R90212","독서실 운영업","26","부산광역시","26320","북구","26320573","만덕3동","2632010300","만덕동","2632010300109110003","1","대지",911,3,"부산광역시 북구 만덕동 911-3","263204196117","부산광역시 북구 덕천로234번길",34,,"2632010300109110003002199","럭키2단지","부산광역시 북구 덕천로234번길 34","616788","46603","","","",129.027894933081,35.2098426266485
"MA0101202409A0035917","괴정역점아이덴스터디카페","","R1","예술·스포츠","R102","도서관·사적지","R10202","독서실/스터디 카페","R90212","독서실 운영업","26","부산광역시","26380","사하구","26380510","괴정1동","2638010100","괴정동","2638010100109390003","1","대지",939,3,"부산광역시 사하구 괴정동 939-3","263802006002","부산광역시 사하구 낙동대로",225,,"2638010100109390003034356","보경빌딩","부산광역시 사하구 낙동대로 225","604814","49381","","6","",128.992351124527,35.0995703762943
"MA0101202409A0072682","메가공무원스파르타부산수영센터","","R1","예술·스포츠","R102","도서관·사적지","R10202","독서실/스터디 카페","R90212","독서실 운영업","26","부산광역시","26500","수영구","26500730","수영동","2650010200","수영동","2650010200105000013","1","대지",500,13,"부산광역시 수영구 수영동 500-13","265003138018","부산광역시 수영구 수영성로",2,,"2650010200105000013013983","","부산광역시 수영구 수영성로 2","613832","48226","","4","",129.119638121242,35.169908835633
"MA0101202408A0057196","부산장전점청담독서실","","R1","예술·스포츠","R102","도서관·사적지","R10202","독서실/스터디 카페","R90212","독서실 운영업","26","부산광역시","26410","금정구","26410590","부곡3동","2641010900","부곡동","2641010900102250006","1","대지",225,6,"부산광역시 금정구 부곡동 225-6","264104205391","부산광역시 금정구 중앙대로1719번길",29,,"2641010900102250006032908","경남한신","부산광역시 금정구 중앙대로1719번길 29","609753","46277","","","",129.090623505283,35.2376480926003
"MA0101202409A0204907","원탑스파르타","","R1","예술·스포츠","R102","도서관·사적지","R10202","독서실/스터디 카페","R90212","독서실 운영업","26","부산광역시","26500","수영구","26500730","수영동","2650010200","수영동","2650010200105000013","1","대지",500,13,"부산광역시 수영구 수영동 500-13","265003138018","부산광역시 수영구 수영성로",2,,"2650010200105000013013983","","부산광역시 수영구 수영성로 2","613832","48226","","2","",129.119638121242,35.169908835633
"MA0101202409A0123326","봄봄스터디카페","","R1","예술·스포츠","R102","도서관·사적지","R10202","독서실/스터디 카페","R90212","독서실 운영업","26","부산광역시","26350","해운대구","26350580","반여2동","2635010300","반여동","2635010300112910234","1","대지",1291,234,"부산광역시 해운대구 반여동 1291-234","263503133035","부산광역시 해운대구 재반로",237,,"2635010300112910234002218","","부산광역시 해운대구 재반로 237","612812","48028","","5","",129.131037879514,35.1983831702744
"MA0101202409A0206115","일취월장스터디카페","","R1","예술·스포츠","R102","도서관·사적지","R10202","독서실/스터디 카페","R90212","독서실 운영업","26","부산광역시","26350","해운대구","26350570","반여1동","2635010300","반여동","2635010300114420003","1","대지",1442,3,"부산광역시 해운대구 반여동 1442-3","263503133009","부산광역시 해운대구 선수촌로",74,11,"2635010300114420007000001","","부산광역시 해운대구 선수촌로 74-11","612811","48037","","4","",129.119695091741,35.2004116637221
"MA0101202409A0049788","골든브릿지스터디카페장림점","","R1","예술·스포츠","R102","도서관·사적지","R10202","독서실/스터디 카페","R90212","독서실 운영업","26","부산광역시","26380","사하구","26380590","장림2동","2638010500","장림동","2638010500100230001","1","대지",23,1,"부산광역시 사하구 장림동 23-1","263804202272","부산광역시 사하구 두송로26번길",60,,"2638010500100230001035458","","부산광역시 사하구 두송로26번길 60","604840","49509","","2","",128.980251452425,35.0766983108825
"MA0101202406A0381443","아이덴스터디카페","센텀시티점","R1","예술·스포츠","R102","도서관·사적지","R10202","독서실/스터디 카페","R90212","독서실 운영업","26","부산광역시","26350","해운대구","26350520","우2동","2635010500","우동","2635010500115110000","1","대지",1511,,"부산광역시 해운대구 우동 1511","263503133012","부산광역시 해운대구 센텀2로",24,,"2635010500115110000000002","센텀다이아몬드","부산광역시 해운대구 센텀2로 24","612889","48060","","","",129.132448432329,35.1666650651535
"MA0101202409A0252528","스카이독학재수써밋독서실","","R1","예술·스포츠","R102","도서관·사적지","R10202","독서실/스터디 카페","R90212","독서실 운영업","26","부산광역시","26710","기장군","26710256","정관읍","2671025622","정관읍","2671025622107210006","1","대지",721,6,"부산광역시 기장군 정관읍 매학리 721-6","267103140044","부산광역시 기장군 정관읍 정관6로",27,,"2671032022107210006000001","일부","부산광역시 기장군 정관읍 정관6로 27","619963","46017","","","",129.176967964813,35.3198215957987
"MA0101202409A0113799","디딤스터디카페워크라운지부산용호센터","","R1","예술·스포츠","R102","도서관·사적지","R10202","독서실/스터디 카페","R90212","독서실 운영업","26","부산광역시","26290","남구","26290580","용호2동","2629010700","용호동","2629010700105320058","1","대지",532,58,"부산광역시 남구 용호동 532-58","262904193051","부산광역시 남구 동명로146번길",140,,"2629010700105320058028607","","부산광역시 남구 동명로146번길 140","608846","48591","","5","",129.111609298461,35.1131862891746
"MA0101202406A0315136","스탠다드스터디카페명륜점","","R1","예술·스포츠","R102","도서관·사적지","R10202","독서실/스터디 카페","R90212","독서실 운영업","26","부산광역시","26260","동래구","26260545","명륜동","2626010700","명륜동","2626010700100650030","1","대지",65,30,"부산광역시 동래구 명륜동 65-30","262604190117","부산광역시 동래구 명륜로217번길",2,,"2626010700100650030021971","","부산광역시 동래구 명륜로217번길 2","607802","47740","","3","",129.082948135865,35.2132512061334
"MA0101202409A0208396","동래명륜점멘토즈스터디카페","","R1","예술·스포츠","R102","도서관·사적지","R10202","독서실/스터디 카페","R90212","독서실 운영업","26","부산광역시","26260","동래구","26260545","명륜동","2626010700","명륜동","2626010700100070001","1","대지",7,1,"부산광역시 동래구 명륜동 7-1","262603130028","부산광역시 동래구 시실로",22,,"2626010700100070001013143","","부산광역시 동래구 시실로 22","607802","47744","","4","",129.086156040456,35.2167464806859
"MA0101202406A0058742","위온연습실스튜디오","","R1","예술·스포츠","R102","도서관·사적지","R10202","독서실/스터디 카페","R90212","독서실 운영업","26","부산광역시","26530","사상구","26530661","주례3동","2653010600","주례동","2653010600105190038","1","대지",519,38,"부산광역시 사상구 주례동 519-38","265304217350","부산광역시 사상구 주례로10번길",115,,"2653010600105190038016113","","부산광역시 사상구 주례로10번길 115","617838","47013","","1","",129.005133075875,35.1495280957005
"MA0101202409A0079300","화이트펜슬스터디카페초읍","연지점","R1","예술·스포츠","R102","도서관·사적지","R10202","독서실/스터디 카페","R90212","독서실 운영업","26","부산광역시","26230","부산진구","26230550","초읍동","2623010700","초읍동","2623010700102190003","1","대지",219,3,"부산광역시 부산진구 초읍동 219-3","262303129029","부산광역시 부산진구 성지로",66,1,"2623010700102190003001729","","부산광역시 부산진구 성지로 66-1","614873","47116","","2","",129.054661307645,35.1765980224979
"MA0101202410A0813213","잇올스파르타관리형프리미엄독서실","","R1","예술·스포츠","R102","도서관·사적지","R10202","독서실/스터디 카페","R90212","독서실 운영업","26","부산광역시","26470","연제구","26470680","연산4동","2647010200","연산동","2647010200107460009","1","대지",746,9,"부산광역시 연제구 연산동 746-9","264703129045","부산광역시 연제구 월드컵대로",118,,"2647010200107460009012304","잇올","부산광역시 연제구 월드컵대로 118","611822","47576","","","",129.082659916945,35.1847707384125
"MA0101202411A0145149","스터디카페수정역","","R1","예술·스포츠","R102","도서관·사적지","R10202","독서실/스터디 카페","S96999","그 외 기타 달리 분류되지 않은 개인 서비스업","26","부산광역시","26320","북구","26320541","화명1동","2632010200","화명동","2632010200123130000","1","대지",2313,,"부산광역시 북구 화명동 2313","263203132020","부산광역시 북구 학사로",8,,"2632010200123130000015156","크리스탈타워","부산광역시 북구 학사로 8","616847","46541","","","",129.008756190495,35.2240847759285
"MA0101202411A0066044","아이덴스터디카페","남천역점","R1","예술·스포츠","R102","도서관·사적지","R10202","독서실/스터디 카페","R90212","독서실 운영업","26","부산광역시","26500","수영구","26500660","남천1동","2650010500","남천동","2650010500103570009","1","대지",357,9,"부산광역시 수영구 남천동 357-9","265003131037","부산광역시 수영구 수영로",381,,"2650010500103570009011885","","부산광역시 수영구 수영로 381","613816","48318","","3","",129.106403885323,35.1410145062041
"MA0101202411A0033298","에스에이치스터디카페","","R1","예술·스포츠","R102","도서관·사적지","R10202","독서실/스터디 카페","R90212","독서실 운영업","26","부산광역시","26350","해운대구","26350552","좌2동","2635010700","좌동","2635010700114800004","1","대지",1480,4,"부산광역시 해운대구 좌동 1480-4","263504199126","부산광역시 해운대구 양운로42번길",16,,"2635010700114800004017846","스타빌딩","부산광역시 해운대구 양운로42번길 16","612842","48111","","8","",129.177617895379,35.1683302871043
"MA0101202501A0002321","화이트펜슬","반송점","R1","예술·스포츠","R102","도서관·사적지","R10202","독서실/스터디 카페","R90212","독서실 운영업","26","부산광역시","26350","해운대구","26350620","반송2동","2635010100","반송동","2635010100108970000","1","대지",897,,"부산광역시 해운대구 반송동 897","263503133027","부산광역시 해운대구 신반송로",207,,"2635010100108970000023376","제","부산광역시 해운대구 신반송로 207","612808","48009","","5","",129.157388525778,35.2304293514842
"MA0101202411A0028224","플랜에이스터디카페정관센터","","R1","예술·스포츠","R102","도서관·사적지","R10202","독서실/스터디 카페","R90212","독서실 운영업","26","부산광역시","26710","기장군","26710256","정관읍","2671025628","정관읍","2671025628113660005","1","대지",1366,5,"부산광역시 기장군 정관읍 용수리 1366-5","267103140042","부산광역시 기장군 정관읍 정관4로",37,,"2671032028113660005000001","금샘프라자","부산광역시 기장군 정관읍 정관4로 37","619963","46012","","","",129.170713321681,35.3264491873809
"MA0101202411A0036809","아이덴스터디카페","중동역점","R1","예술·스포츠","R102","도서관·사적지","R10202","독서실/스터디 카페","R90212","독서실 운영업","26","부산광역시","26350","해운대구","26350530","중1동","2635010600","중동","2635010600117660006","1","대지",1766,6,"부산광역시 해운대구 중동 1766-6","263503133039","부산광역시 해운대구 좌동순환로",506,,"2635010600117660006030747","영풍리젠시","부산광역시 해운대구 좌동순환로 506","612851","48101","","","",129.168726410456,35.166173940678
"MA0101202411A0074252","골든브릿지스터디카페","동래점","R1","예술·스포츠","R102","도서관·사적지","R10202","독서실/스터디 카페","R90212","독서실 운영업","26","부산광역시","26260","동래구","26260510","수민동","2626010400","낙민동","2626010400102050013","1","대지",205,13,"부산광역시 동래구 낙민동 205-13","262602006006","부산광역시 동래구 충렬대로",290,,"2626010400102050013017344","","부산광역시 동래구 충렬대로 290","607800","47879","","3","",129.090581937637,35.2000709258929
"MA0101202411A0065395","더벙커","","R1","예술·스포츠","R102","도서관·사적지","R10202","독서실/스터디 카페","R90212","독서실 운영업","26","부산광역시","26380","사하구","26380562","하단2동","2638010300","하단동","2638010300104970002","1","대지",497,2,"부산광역시 사하구 하단동 497-2","263804202157","부산광역시 사하구 낙동대로536번길",10,,"2638010300104970002005479","","부산광역시 사하구 낙동대로536번길 10","604851","49324","","1","",128.965565384711,35.1120115536847
"MA0101202412A0021150","어썸팩토리부산좌동독서실","","R1","예술·스포츠","R102","도서관·사적지","R10202","독서실/스터디 카페","R90212","독서실 운영업","26","부산광역시","26350","해운대구","26350554","좌4동","2635010700","좌동","2635010700114070005","1","대지",1407,5,"부산광역시 해운대구 좌동 1407-5","263503133039","부산광역시 해운대구 좌동순환로",181,,"2635010700114070005011053","진성빌딩","부산광역시 해운대구 좌동순환로 181","612863","48075","","9","",129.176020326456,35.1779741427115
"MA0101202411A0148807","하베르스터디카페달산점","","R1","예술·스포츠","R102","도서관·사적지","R10202","독서실/스터디 카페","R90212","독서실 운영업","26","부산광역시","26710","기장군","26710256","정관읍","2671025625","정관읍","2671025625112210011","1","대지",1221,11,"부산광역시 기장군 정관읍 달산리 1221-11","267103140047","부산광역시 기장군 정관읍 정관로",712,,"2671025625112210011000001","","부산광역시 기장군 정관읍 정관로 712","619961","46021","","5","",129.190562434076,35.3212340127975
"MA0101202411A0171552","샤학관관리형스터디카페","해운대점","R1","예술·스포츠","R102","도서관·사적지","R10202","독서실/스터디 카페","R90212","독서실 운영업","26","부산광역시","26350","해운대구","26350551","좌1동","2635010700","좌동","2635010700114610007","1","대지",1461,7,"부산광역시 해운대구 좌동 1461-7","263503133010","부산광역시 해운대구 세실로",87,,"2635010700114610007006004","영진파스타","부산광역시 해운대구 세실로 87","612836","48106","","6","",129.176053374542,35.1722152831546
"MA0101202412A0058547","화이트펜슬스터디카페반여점","","R1","예술·스포츠","R102","도서관·사적지","R10202","독서실/스터디 카페","R90212","독서실 운영업","26","부산광역시","26350","해운대구","26350570","반여1동","2635010300","반여동","2635010300114430010","1","대지",1443,10,"부산광역시 해운대구 반여동 1443-10","263504199083","부산광역시 해운대구 선수촌로78번길",9,,"2635010300114430010000001","","부산광역시 해운대구 선수촌로78번길 9","612811","48037","","2","",129.119720815725,35.2009789345626
"MA0101202501A0076034","르하임스터디카페부산명지국제","신도시점","R1","예술·스포츠","R102","도서관·사적지","R10202","독서실/스터디 카페","R90212","독서실 운영업","26","부산광역시","26440","강서구","26440535","명지1동","2644010400","명지동","2644010400134200002","1","대지",3420,2,"부산광역시 강서구 명지동 3420-2","264403350868","부산광역시 강서구 명지국제8로",254,,"2644010400134200002000001","시온프라자","부산광역시 강서구 명지국제8로 254","618200","46772","","9","",128.920547958506,35.0976383731152
"MA0101202412A0090241","멘토즈스터디카페","경성대점","R1","예술·스포츠","R102","도서관·사적지","R10202","독서실/스터디 카페","R90212","독서실 운영업","26","부산광역시","26290","남구","26290530","대연3동","2629010600","대연동","2629010600100860003","1","대지",86,3,"부산광역시 남구 대연동 86-3","262904193154","부산광역시 남구 수영로325번길",11,,"2629010600100860003032049","마로니에타운","부산광역시 남구 수영로325번길 11","608805","48434","","4","",129.100976328643,35.1385675079226
"MA0101202501A0045437","르하임스터디카페","개금점","R1","예술·스포츠","R102","도서관·사적지","R10202","독서실/스터디 카페","R90212","독서실 운영업","26","부산광역시","26230","부산진구","26230740","개금1동","2623011100","개금동","2623011100101770243","1","대지",177,243,"부산광역시 부산진구 개금동 177-243","262302006015","부산광역시 부산진구 가야대로",462,1,"2623011100101770243000001","","부산광역시 부산진구 가야대로 462-1","614813","47323","","11","",129.022595025541,35.1528514480869
"MA0101202501A0076102","마린시티점멘토즈스터디카페","해운대","R1","예술·스포츠","R102","도서관·사적지","R10202","독서실/스터디 카페","R90212","독서실 운영업","26","부산광역시","26350","해운대구","26350525","우3동","2635010500","우동","2635010500114070000","1","대지",1407,,"부산광역시 해운대구 우동 1407","263503133004","부산광역시 해운대구 마린시티2로",33,,"2635010500114070000000001","해운대두산위브더제니스","부산광역시 해운대구 마린시티2로 33","612020","48119","","3","",129.144819985532,35.1572008132597
"MA0101202411A0022365","셀독24","","R1","예술·스포츠","R102","도서관·사적지","R10202","독서실/스터디 카페","R90212","독서실 운영업","26","부산광역시","26260","동래구","26260590","사직2동","2626010900","사직동","2626010900100450023","1","대지",45,23,"부산광역시 동래구 사직동 45-23","262604190234","부산광역시 동래구 사직북로19번길",18,,"2626010900100450023008155","","부산광역시 동래구 사직북로19번길 18","607815","47864","","7","",129.059547136757,35.1975390381178
"MA0101202412A0061936","장전래미안점멘토즈스터디카페","","R1","예술·스포츠","R102","도서관·사적지","R10202","독서실/스터디 카페","R90212","독서실 운영업","26","부산광역시","26410","금정구","26410610","장전2동","2641010800","장전동","2641010800106190007","1","대지",619,7,"부산광역시 금정구 장전동 619-7","264104205324","부산광역시 금정구 식물원로44번길",2,,"2641010800106190007000375","유니스빌딩","부산광역시 금정구 식물원로44번길 2","609392","46297","","1","",129.083728920791,35.2253221812046
"MA0101202503A0017812","작은닻","","R1","예술·스포츠","R102","도서관·사적지","R10202","독서실/스터디 카페","R90212","독서실 운영업","26","부산광역시","26350","해운대구","26350530","중1동","2635010600","중동","2635010600113940286","1","대지",1394,286,"부산광역시 해운대구 중동 1394-286","263503133043","부산광역시 해운대구 해운대해변로",291,,"2635010600113940286022032","크리스탈비치오피스텔","부산광역시 해운대구 해운대해변로 291","612727","48095","","2","",129.162469906932,35.16073480598
"MA0101202505A0008421","그린베어반여스터디카페","","R1","예술·스포츠","R102","도서관·사적지","R10202","독서실/스터디 카페","R90212","독서실 운영업","26","부산광역시","26350","해운대구","26350570","반여1동","2635010300","반여동","2635010300112060001","1","대지",1206,1,"부산광역시 해운대구 반여동 1206-1","263503133009","부산광역시 해운대구 선수촌로",104,16,"2635010300112060001003797","네오프라자","부산광역시 해운대구 선수촌로 104-16","612811","48037","","6","",129.120136543512,35.2026117366953
"MA0101202503A0041982","관리형스터디카페프리즌","","R1","예술·스포츠","R102","도서관·사적지","R10202","독서실/스터디 카페","R90212","독서실 운영업","26","부산광역시","26290","남구","26290570","용호1동","2629010700","용호동","2629010700109570001","1","대지",957,1,"부산광역시 남구 용호동 957-1","262903131015","부산광역시 남구 분포로",115,,"2629010700109570001000001","힐탑탑플레이스","부산광역시 남구 분포로 115","608091","48515","","9","",129.112725278766,35.1321902475945
"MA0101202503A0079545","래인포관리형스터디카페","","R1","예술·스포츠","R102","도서관·사적지","R10202","독서실/스터디 카페","R90212","독서실 운영업","26","부산광역시","26320","북구","26320543","화명3동","2632010200","화명동","2632010200122710003","1","대지",2271,3,"부산광역시 북구 화명동 2271-3","263203132027","부산광역시 북구 화명신도시로",129,,"2632010200122710003015362","골든프라자","부산광역시 북구 화명신도시로 129","616852","46524","","7","",129.010654679828,35.2355971320267
"MA0101202501A0069862","위탄독서실","","R1","예술·스포츠","R102","도서관·사적지","R10202","독서실/스터디 카페","R90212","독서실 운영업","26","부산광역시","26410","금정구","26410610","장전2동","2641010800","장전동","2641010800106120009","1","대지",612,9,"부산광역시 금정구 장전동 612-9","264104006040","부산광역시 금정구 식물원로39번길",9,,"2641010800106020016000001","","부산광역시 금정구 식물원로39번길 9","609392","46300","","2","",129.084076110899,35.2242979037816
"MA0101202502A0051007","두잇스터디카페부산재송센터","","R1","예술·스포츠","R102","도서관·사적지","R10202","독서실/스터디 카페","R90212","독서실 운영업","26","부산광역시","26350","해운대구","26350650","재송1동","2635010400","재송동","2635010400113540000","1","대지",1354,,"부산광역시 해운대구 재송동 1354","263504199266","부산광역시 해운대구 해운대로38번길",70,,"2635010400113540000000001","","부산광역시 해운대구 해운대로38번길 70","612051","48047","","5","",129.117574208947,35.1910318111727
"MA0101202503A0003338","독서실/스터디카페","","R1","예술·스포츠","R102","도서관·사적지","R10202","독서실/스터디 카페","R90212","독서실 운영업","26","부산광역시","26230","부산진구","26230560","양정1동","2623010100","양정동","2623010100104200010","1","대지",420,10,"부산광역시 부산진구 양정동 420-10","262303129034","부산광역시 부산진구 양지로",27,1,"2623010100104200010053269","","부산광역시 부산진구 양지로 27-1","614853","47228","","","",129.070772676827,35.1679157368613
"MA0101202502A0024187","골든브릿지배산역점","","R1","예술·스포츠","R102","도서관·사적지","R10202","독서실/스터디 카페","R90212","독서실 운영업","26","부산광역시","26470","연제구","26470670","연산3동","2647010200","연산동","2647010200118110151","1","대지",1811,151,"부산광역시 연제구 연산동 1811-151","264703137029","부산광역시 연제구 금련로",2,,"2647010200118110151019721","","부산광역시 연제구 금련로 2","611833","47616","","4","",129.095665504675,35.1731647480362
"MA0101202504A0047282","해냄독서실","","R1","예술·스포츠","R102","도서관·사적지","R10202","독서실/스터디 카페","R90212","독서실 운영업","26","부산광역시","26320","북구","26320542","화명2동","2632010200","화명동","2632010200101910004","1","대지",191,4,"부산광역시 북구 화명동 191-4","263204196332","부산광역시 북구 양달로4번길",11,,"2632010200101910004008682","새흥빌딩","부산광역시 북구 양달로4번길 11","616833","46517","","4","",129.014657481939,35.241117739987
"MA0101202504A0034591","두드림프리미엄독서실","화명점","R1","예술·스포츠","R102","도서관·사적지","R10202","독서실/스터디 카페","R90212","독서실 운영업","26","부산광역시","26320","북구","26320542","화명2동","2632010200","화명동","2632010200101900002","1","대지",190,2,"부산광역시 북구 화명동 190-2","263202132001","부산광역시 북구 금곡대로",366,,"2632010200101900002016604","대진빌딩","부산광역시 북구 금곡대로 366","616833","46517","","2","",129.014326527001,35.2410601695254
"MA0101202503A0024611","빌드업에듀피엘씨","","R1","예술·스포츠","R102","도서관·사적지","R10202","독서실/스터디 카페","R90212","독서실 운영업","26","부산광역시","26350","해운대구","26350552","좌2동","2635010700","좌동","2635010700114850005","1","대지",1485,5,"부산광역시 해운대구 좌동 1485-5","263503133010","부산광역시 해운대구 세실로",33,,"2635010700114850005000001","일부좌동메디컬센터","부산광역시 해운대구 세실로 33","612842","48111","","","",129.178959136322,35.1680087828426
"MA0101202505A0050735","에스플랜스터디카페","","R1","예술·스포츠","R102","도서관·사적지","R10202","독서실/스터디 카페","R90212","독서실 운영업","26","부산광역시","26350","해운대구","26350525","우3동","2635010500","우동","2635010500114050000","1","대지",1405,,"부산광역시 해운대구 우동 1405","263503133004","부산광역시 해운대구 마린시티2로",2,,"2635010500114050000011274","마린파크","부산광역시 해운대구 마린시티2로 2","612020","48092","","","",129.144239431622,35.1593287860931
"MA0101202504A0108912","마!같이놀래","","R1","예술·스포츠","R102","도서관·사적지","R10202","독서실/스터디 카페","R90212","독서실 운영업","26","부산광역시","26170","동구","26170650","범일1동","2617010400","범일동","2617010400100410002","1","대지",41,2,"부산광역시 동구 범일동 41-2","261703127006","부산광역시 동구 범곡북로",1,,"2617010400100410002001298","","부산광역시 동구 범곡북로 1","601800","48722","","4","",129.055635793758,35.1416253768834
"MA0101202502A0089940","화이트펜슬서면부전역점","","R1","예술·스포츠","R102","도서관·사적지","R10202","독서실/스터디 카페","R90212","독서실 운영업","26","부산광역시","26230","부산진구","26230610","전포2동","2623010200","전포동","2623010200105840000","1","대지",584,,"부산광역시 부산진구 전포동 584","262304187675","부산광역시 부산진구 전포대로298번길",1,,"2623010200105840000045451","","부산광역시 부산진구 전포대로298번길 1","614870","47236","","3","",129.065610206862,35.1633989833696
"MA0101202505A0024585","시작스터디카페","","R1","예술·스포츠","R102","도서관·사적지","R10202","독서실/스터디 카페","R90212","독서실 운영업","26","부산광역시","26380","사하구","26380550","당리동","2638010200","당리동","2638010200103130019","1","대지",313,19,"부산광역시 사하구 당리동 313-19","263802006002","부산광역시 사하구 낙동대로",436,,"2638010200103130019027298","","부산광역시 사하구 낙동대로 436","604829","49326","","","",128.971048163968,35.1046949904184
"MA0101202503A0039693","공부에진심스터디카페","","R1","예술·스포츠","R102","도서관·사적지","R10202","독서실/스터디 카페","S96999","그 외 기타 달리 분류되지 않은 개인 서비스업","26","부산광역시","26500","수영구","26500660","남천1동","2650010500","남천동","2650010500100140020","1","대지",14,20,"부산광역시 수영구 남천동 14-20","265003138008","부산광역시 수영구 남천동로",11,1,"2650010500100140020002127","","부산광역시 수영구 남천동로 11-1","613814","48307","","3","",129.110179443957,35.1427781342172
"MA0101202507A0025172","제이엘","","R1","예술·스포츠","R102","도서관·사적지","R10202","독서실/스터디 카페","R90212","독서실 운영업","26","부산광역시","26500","수영구","26500770","광안2동","2650010400","광안동","2650010400101920004","1","대지",192,4,"부산광역시 수영구 광안동 192-4","265004214065","부산광역시 수영구 광안로62번길",21,,"2650010400101920004019267","광안청일디오브오션뷰","부산광역시 수영구 광안로62번길 21","613805","48303","","10","",129.118232385089,35.1537938342778
"MA0101202503A0026203","이상스터디존","","R1","예술·스포츠","R102","도서관·사적지","R10202","독서실/스터디 카페","R90212","독서실 운영업","26","부산광역시","26410","금정구","26410680","구서1동","2641010700","구서동","2641010700104140022","1","대지",414,22,"부산광역시 금정구 구서동 414-22","264103135006","부산광역시 금정구 구서로",15,,"2641010700104140022005543","","부산광역시 금정구 구서로 15","609800","46243","","","",129.089337926254,35.2466186760053
"MA0101202504A0069831","위온연습실스튜디오사상점","","R1","예술·스포츠","R102","도서관·사적지","R10202","독서실/스터디 카페","R90212","독서실 운영업","26","부산광역시","26530","사상구","26530620","괘법동","2653010400","괘법동","2653010400109280016","1","대지",928,16,"부산광역시 사상구 괘법동 928-16","265303139018","부산광역시 사상구 운산로",70,,"2653010400109280016014398","","부산광역시 사상구 운산로 70","617806","46966","","3","",128.983859477428,35.1671990185656
"MA0101202503A0014124","아이비스터디카페국제점","명지","R1","예술·스포츠","R102","도서관·사적지","R10202","독서실/스터디 카페","R90212","독서실 운영업","26","부산광역시","26440","강서구","26440535","명지1동","2644010400","명지동","2644010400133580008","1","대지",3358,8,"부산광역시 강서구 명지동 3358-8","264403350868","부산광역시 강서구 명지국제8로",271,,"2644010400133580008000001","","부산광역시 강서구 명지국제8로 271","618200","46773","","","",128.922719370113,35.0981176274218
"MA0101202504A0054879","비허밍스터디카페","","R1","예술·스포츠","R102","도서관·사적지","R10202","독서실/스터디 카페","R90212","독서실 운영업","26","부산광역시","26320","북구","26320543","화명3동","2632010200","화명동","2632010200122770001","1","대지",2277,1,"부산광역시 북구 화명동 2277-1","263202132002","부산광역시 북구 화명대로",40,,"2632010200122770001006412","현천휴먼타워","부산광역시 북구 화명대로 40","616852","46526","","6","",129.012361336388,35.234433295586
"MA0101202504A0043504","청담스터디카페반송점","해운대","R1","예술·스포츠","R102","도서관·사적지","R10202","독서실/스터디 카페","R90212","독서실 운영업","26","부산광역시","26350","해운대구","26350620","반송2동","2635010100","반송동","2635010100102070000","1","대지",207,,"부산광역시 해운대구 반송동 207","263503133027","부산광역시 해운대구 신반송로",197,,"2635010100102070000023249","","부산광역시 해운대구 신반송로 197","612801","48009","","3","",129.158517047217,35.2299136002568
"MA0101202506A0017664","사상스터디카페","","R1","예술·스포츠","R102","도서관·사적지","R10202","독서실/스터디 카페","R90212","독서실 운영업","26","부산광역시","26530","사상구","26530620","괘법동","2653010400","괘법동","2653010400109280005","1","대지",928,5,"부산광역시 사상구 괘법동 928-5","265303139018","부산광역시 사상구 운산로",56,,"2653010400109280005007002","보광학원","부산광역시 사상구 운산로 56","617806","46964","","3","",128.982537562807,35.1674459617222
"MA0101202506A0008093","화명역점아이덴스터디카페","","R1","예술·스포츠","R102","도서관·사적지","R10202","독서실/스터디 카페","R90212","독서실 운영업","26","부산광역시","26320","북구","26320543","화명3동","2632010200","화명동","2632010200122680001","1","대지",2268,1,"부산광역시 북구 화명동 2268-1","263203132027","부산광역시 북구 화명신도시로",132,,"2632010200122680001013089","위너스타워","부산광역시 북구 화명신도시로 132","616852","46525","","7","",129.011321212659,35.235901460067
"MA0101202506A0029918","수만휘스파르타부산","남천점","R1","예술·스포츠","R102","도서관·사적지","R10202","독서실/스터디 카페","R90212","독서실 운영업","26","부산광역시","26500","수영구","26500660","남천1동","2650010500","남천동","2650010500100740033","1","대지",74,33,"부산광역시 수영구 남천동 74-33","265003131037","부산광역시 수영구 수영로",393,,"2650010500100740033004779","","부산광역시 수영구 수영로 393","613816","48317","","","",129.107291081217,35.141810114253
"MA0101202507A0022878","이루리스터디","부곡점","R1","예술·스포츠","R102","도서관·사적지","R10202","독서실/스터디 카페","R90212","독서실 운영업","26","부산광역시","26410","금정구","26410570","부곡1동","2641010900","부곡동","2641010900103050016","1","대지",305,16,"부산광역시 금정구 부곡동 305-16","264104205150","부산광역시 금정구 동부곡로6번길",14,,"2641010900103050016032788","","부산광역시 금정구 동부곡로6번길 14","609851","46303","","2","",129.092060148647,35.2251604038194
"MA0101202505A0044402","화이트펜슬스터디카페","용호점","R1","예술·스포츠","R102","도서관·사적지","R10202","독서실/스터디 카페","R90212","독서실 운영업","26","부산광역시","26290","남구","26290570","용호1동","2629010700","용호동","2629010700103700018","1","대지",370,18,"부산광역시 남구 용호동 370-18","262903131005","부산광역시 남구 동명로",137,,"2629010700103700018009210","","부산광역시 남구 동명로 137","608833","48528","","5","",129.111891225814,35.1198589517587
"MA0101202510A0011472","잔향실","","R1","예술·스포츠","R102","도서관·사적지","R10202","독서실/스터디 카페","R90212","독서실 운영업","26","부산광역시","26230","부산진구","26230600","전포1동","2623010200","전포동","2623010200103570015","1","대지",357,15,"부산광역시 부산진구 전포동 357-15","262304187177","부산광역시 부산진구 동성로25번길",13,,"2623010200103570015034945","","부산광역시 부산진구 동성로25번길 13","614863","47305","","4","",129.067675466885,35.1526489376279
"MA0101202504A0106083","미남역점아이덴스터디카페","","R1","예술·스포츠","R102","도서관·사적지","R10202","독서실/스터디 카페","L68112","비주거용 건물 임대업","26","부산광역시","26260","동래구","26260570","온천3동","2626010800","온천동","2626010800114120007","1","대지",1412,7,"부산광역시 동래구 온천동 1412-7","262602006012","부산광역시 동래구 아시아드대로",226,,"2626010800114120007009761","온천동메디컬센터","부산광역시 동래구 아시아드대로 226","607842","47837","","5","",129.067271909212,35.203877651636
"MA0101202510A0027075","힐탑스카이스터디카페부산","용호점","R1","예술·스포츠","R102","도서관·사적지","R10202","독서실/스터디 카페","R90212","독서실 운영업","26","부산광역시","26290","남구","26290570","용호1동","2629010700","용호동","2629010700109570001","1","대지",957,1,"부산광역시 남구 용호동 957-1","262903131015","부산광역시 남구 분포로",115,,"2629010700109570001000001","힐탑탑플레이스","부산광역시 남구 분포로 115","608091","48515","","","",129.112725278766,35.1321902475945
"MA0101202504A0038981","화이트펜슬스터디카페연산배산점","","R1","예술·스포츠","R102","도서관·사적지","R10202","독서실/스터디 카페","R90212","독서실 운영업","26","부산광역시","26470","연제구","26470700","연산6동","2647010200","연산동","2647010200118610004","1","대지",1861,4,"부산광역시 연제구 연산동 1861-4","264703129044","부산광역시 연제구 연수로",183,,"2647010200118610004021936","","부산광역시 연제구 연수로 183","611824","47593","","2","",129.091018060258,35.1742543896131
"MA0101202505A0078215","올탑스터디카페부산","송도점","R1","예술·스포츠","R102","도서관·사적지","R10202","독서실/스터디 카페","R90212","독서실 운영업","26","부산광역시","26140","서구","26140680","암남동","2614012400","암남동","2614012400103540001","1","대지",354,1,"부산광역시 서구 암남동 354-1","261402126001","부산광역시 서구 충무대로",8,,"2614012400103540002018563","기산비치타운","부산광역시 서구 충무대로 8","602831","49269","","3","",129.016409552025,35.0764357295776
"MA0101202506A0018384","화이트펜슬","부산금정점","R1","예술·스포츠","R102","도서관·사적지","R10202","독서실/스터디 카페","R90212","독서실 운영업","26","부산광역시","26410","금정구","26410680","구서1동","2641010700","구서동","2641010700104150101","1","대지",415,101,"부산광역시 금정구 구서동 415-101","264103135006","부산광역시 금정구 구서로",5,,"2641010700104150101017617","","부산광역시 금정구 구서로 5","609800","46243","","2","",129.090224998361,35.2465132373295
"MA0101202506A0027042","화이트펜슬모라점","","R1","예술·스포츠","R102","도서관·사적지","R10202","독서실/스터디 카페","R90212","독서실 운영업","26","부산광역시","26530","사상구","26530591","모라1동","2653010200","모라동","2653010200104590001","1","대지",459,1,"부산광역시 사상구 모라동 459-1","265302006008","부산광역시 사상구 백양대로",900,,"2653010200104590001003521","","부산광역시 사상구 백양대로 900","617820","46928","","5","",128.991149556118,35.1866708607933
"MA0101202506A0000956","화이트펜슬화명수정역점","","R1","예술·스포츠","R102","도서관·사적지","R10202","독서실/스터디 카페","R90212","독서실 운영업","26","부산광역시","26320","북구","26320543","화명3동","2632010200","화명동","2632010200123140001","1","대지",2314,1,"부산광역시 북구 화명동 2314-1","263203132020","부산광역시 북구 학사로",15,,"2632010200123140001010801","","부산광역시 북구 학사로 15","616853","46542","","","",129.007681940755,35.2241656852292
"MA0101202504A0029245","엘리트스터디카페독서실부","산본점","R1","예술·스포츠","R102","도서관·사적지","R10202","독서실/스터디 카페","R90212","독서실 운영업","26","부산광역시","26410","금정구","26410670","남산동","2641010400","남산동","2641010400100230008","1","대지",23,8,"부산광역시 금정구 남산동 23-8","264102000010","부산광역시 금정구 중앙대로",2094,,"2641010400100230008023326","엘리트스터디카페","부산광역시 금정구 중앙대로 2094","609813","46214","","4","",129.092979311158,35.2711749476288
"MA0101202505A0007921","화이트펜슬스터디카페","대연점","R1","예술·스포츠","R102","도서관·사적지","R10202","독서실/스터디 카페","R90212","독서실 운영업","26","부산광역시","26290","남구","26290550","대연5동","2629010600","대연동","2629010600117410008","1","대지",1741,8,"부산광역시 남구 대연동 1741-8","262903131037","부산광역시 남구 수영로",237,,"2629010600117410008007053","","부산광역시 남구 수영로 237","608807","48445","","15","",129.092635373134,35.135431673683
"MA0101202505A0079622","댓츠원스터디랩센터","해운대","R1","예술·스포츠","R102","도서관·사적지","R10202","독서실/스터디 카페","R90212","독서실 운영업","26","부산광역시","26350","해운대구","26350525","우3동","2635010500","우동","2635010500114050000","1","대지",1405,,"부산광역시 해운대구 우동 1405","263503133004","부산광역시 해운대구 마린시티2로",2,,"2635010500114050000011274","마린파크","부산광역시 해운대구 마린시티2로 2","612020","48092","","","",129.144239431622,35.1593287860931
"MA0101202507A0003532","우리고시원","","R1","예술·스포츠","R102","도서관·사적지","R10202","독서실/스터디 카페","R90212","독서실 운영업","26","부산광역시","26230","부산진구","26230510","부전1동","2623010300","부전동","2623010300103950001","1","대지",395,1,"부산광역시 부산진구 부전동 395-1","262304187385","부산광역시 부산진구 부전로152번길",44,,"2623010300103950001029934","","부산광역시 부산진구 부전로152번길 44","614849","47253","","4","",129.058070427539,35.1603192221708
"MA0101202507A0011198","온포커스관리형학습센터","","R1","예술·스포츠","R102","도서관·사적지","R10202","독서실/스터디 카페","R90212","독서실 운영업","26","부산광역시","26350","해운대구","26350552","좌2동","2635010700","좌동","2635010700114850005","1","대지",1485,5,"부산광역시 해운대구 좌동 1485-5","263503133010","부산광역시 해운대구 세실로",33,,"2635010700114850005000001","일부좌동메디컬센터","부산광역시 해운대구 세실로 33","612842","48111","","9","",129.178959136322,35.1680087828426
"MA0101202601A0048357","로체스터디카페반여점","","R1","예술·스포츠","R102","도서관·사적지","R10202","독서실/스터디 카페","R90212","독서실 운영업","26","부산광역시","26350","해운대구","26350570","반여1동","2635010300","반여동","2635010300116520000","1","대지",1652,,"부산광역시 해운대구 반여동 1652","263503133007","부산광역시 해운대구 반여로",66,,"2635010300116520000000001","한화빌딩","부산광역시 해운대구 반여로 66","612061","48040","","4","",129.123029331502,35.1973343923103
"MA0101202508A0004994","온스터디카페","","R1","예술·스포츠","R102","도서관·사적지","R10202","독서실/스터디 카페","R90212","독서실 운영업","26","부산광역시","26440","강서구","26440535","명지1동","2644010400","명지동","2644010400134200001","1","대지",3420,1,"부산광역시 강서구 명지동 3420-1","264403350857","부산광역시 강서구 명지국제5로",42,,"2644010400134200001000001","동진빌딩","부산광역시 강서구 명지국제5로 42","618200","46772","","9","",128.92025242905,35.0976610795661
"MA0101202508A0004488","팡팡컴퍼니","","R1","예술·스포츠","R102","도서관·사적지","R10202","독서실/스터디 카페","R90212","독서실 운영업","26","부산광역시","26530","사상구","26530680","엄궁동","2653010800","엄궁동","2653010800106800001","1","대지",680,1,"부산광역시 사상구 엄궁동 680-1","265303139015","부산광역시 사상구 엄궁로",144,,"2653010800106800001000462","코오롱","부산광역시 사상구 엄궁로 144","617768","47037","","3","",128.978716717384,35.1279557205073
"MA0101202508A0036410","일취월장관리형스터디카페","센텀점","R1","예술·스포츠","R102","도서관·사적지","R10202","독서실/스터디 카페","R90212","독서실 운영업","26","부산광역시","26350","해운대구","26350650","재송1동","2635010400","재송동","2635010400112210000","1","대지",1221,,"부산광역시 해운대구 재송동 1221","263503133018","부산광역시 해운대구 센텀동로",90,,"2635010400112210000011690","센텀필","부산광역시 해운대구 센텀동로 90","612051","48059","","","",129.127274227432,35.1757224914244
"MA0101202509A0012740","작심스터디카페금련산역점","","R1","예술·스포츠","R102","도서관·사적지","R10202","독서실/스터디 카페","R90212","독서실 운영업","26","부산광역시","26500","수영구","26500660","남천1동","2650010500","남천동","2650010500100290019","1","대지",29,19,"부산광역시 수영구 남천동 29-19","265004214247","부산광역시 수영구 수영로464번길",6,,"2650010500100290019011320","목원빌딩","부산광역시 수영구 수영로464번길 6","613815","48314","","4","",129.110545418856,35.1471784007013
"MA0106202508A1969197","잇올스파르타독서실","","R1","예술·스포츠","R102","도서관·사적지","R10202","독서실/스터디 카페","R90212","독서실 운영업","26","부산광역시","26410","금정구","26410610","장전2동","2641010800","장전동","2641010800104200047","1","대지",420,47,"부산광역시 금정구 장전동 420-47","264103130022","부산광역시 금정구 금강로",252,1,"2641010800104200047000001","","부산광역시 금정구 금강로 252-1","609392","46293","","","",129.085346186858,35.2305840600315
"MA0101202508A0031969","어썸팩토리용호스터디카페","","R1","예술·스포츠","R102","도서관·사적지","R10202","독서실/스터디 카페","R90212","독서실 운영업","26","부산광역시","26290","남구","26290570","용호1동","2629010700","용호동","2629010700109570001","1","대지",957,1,"부산광역시 남구 용호동 957-1","262903131015","부산광역시 남구 분포로",115,,"2629010700109570001000001","일부힐탑탑플레이스","부산광역시 남구 분포로 115","608091","48515","","10","",129.112725278766,35.1321902475945
"MA0101202508A0026302","어스24스터디카페","","R1","예술·스포츠","R102","도서관·사적지","R10202","독서실/스터디 카페","R90212","독서실 운영업","26","부산광역시","26500","수영구","26500730","수영동","2650010200","수영동","2650010200105030016","1","대지",503,16,"부산광역시 수영구 수영동 503-16","265004214301","부산광역시 수영구 수영로741번길",5,,"2650010200105030016002440","대풍빌딩","부산광역시 수영구 수영로741번길 5","613832","48223","","","",129.120473832675,35.168704686668
"MA0101202601A0012795","아이덴스터디카페","부산대점","R1","예술·스포츠","R102","도서관·사적지","R10202","독서실/스터디 카페","R90212","독서실 운영업","26","부산광역시","26410","금정구","26410610","장전2동","2641010800","장전동","2641010800104130050","1","대지",413,50,"부산광역시 금정구 장전동 413-50","264103135026","부산광역시 금정구 부산대학로",32,,"2641010800104130050016940","","부산광역시 금정구 부산대학로 32","609392","46290","","","",129.087868545743,35.2312975247384
"MA0101202511A0000637","더플랜스터디카페","","R1","예술·스포츠","R102","도서관·사적지","R10202","독서실/스터디 카페","R90212","독서실 운영업","26","부산광역시","26230","부산진구","26230710","가야1동","2623011000","가야동","2623011000100560002","1","대지",56,2,"부산광역시 부산진구 가야동 56-2","262302006015","부산광역시 부산진구 가야대로",597,,"2623011000100560002048159","한신센타뷰","부산광역시 부산진구 가야대로 597","614800","47272","","2","",129.036951489267,35.1552332419552
"MA0101202603A0040526","회의실나인부산역교원빌딩점","","R1","예술·스포츠","R102","도서관·사적지","R10202","독서실/스터디 카페","R90212","독서실 운영업","26","부산광역시","26170","동구","26170530","초량3동","2617010100","초량동","2617010100111990009","1","대지",1199,9,"부산광역시 동구 초량동 1199-9","261702000010","부산광역시 동구 중앙대로",216,,"2617010100111990009003560","교원부산빌딩","부산광역시 동구 중앙대로 216","601838","48733","","9","",129.040807997133,35.1163279485245
"MA0101202509A0000862","포커스온스터디카페","","R1","예술·스포츠","R102","도서관·사적지","R10202","독서실/스터디 카페","R90212","독서실 운영업","26","부산광역시","26440","강서구","26440535","명지1동","2644010400","명지동","2644010400133950001","1","대지",3395,1,"부산광역시 강서구 명지동 3395-1","264403350859","부산광역시 강서구 명지국제6로",254,,"2644010400133950001000001","","부산광역시 강서구 명지국제6로 254","618200","46773","","","",128.923342678914,35.0980446541
"MA0101202601A0015661","맘보스터디카페","","R1","예술·스포츠","R102","도서관·사적지","R10202","독서실/스터디 카페","R90212","독서실 운영업","26","부산광역시","26170","동구","26170570","수정2동","2617010200","수정동","2617010200105530022","1","대지",553,22,"부산광역시 동구 수정동 553-22","261703127029","부산광역시 동구 수정중로",30,,"2617010200105530022022339","맘보빌딩","부산광역시 동구 수정중로 30","601812","48780","","5","",129.044908924068,35.1307676367964
"MA0101202509A0006025","도모스터디카페","","R1","예술·스포츠","R102","도서관·사적지","R10202","독서실/스터디 카페","R90212","독서실 운영업","26","부산광역시","26140","서구","26140590","부민동","2614010700","부용동1가","2614010700100690007","1","대지",69,7,"부산광역시 서구 부용동1가 69-7","261403006005","부산광역시 서구 구덕로",234,,"2614010700100690007019447","남명더라우부용","부산광역시 서구 구덕로 234","602081","49223","","2","",129.020416205366,35.105540164924
"MA0101202509A0008504","카페1020","","R1","예술·스포츠","R102","도서관·사적지","R10202","독서실/스터디 카페","R90212","독서실 운영업","26","부산광역시","26440","강서구","26440545","명지2동","2644010400","명지동","2644010400132370015","1","대지",3237,15,"부산광역시 강서구 명지동 3237-15","264403136045","부산광역시 강서구 명지오션시티4로",84,,"2644010400132370015000001","일부메트로시티","부산광역시 강서구 명지오션시티4로 84","618814","46765","","","",128.903273050635,35.0814008898959
"MA0101202508A0000821","광안디오션점멘토즈스터디카페","","R1","예술·스포츠","R102","도서관·사적지","R10202","독서실/스터디 카페","R90212","독서실 운영업","26","부산광역시","26500","수영구","26500770","광안2동","2650010400","광안동","2650010400101500003","1","대지",150,3,"부산광역시 수영구 광안동 150-3","265003138004","부산광역시 수영구 광안로",21,,"2650010400101500003011365","","부산광역시 수영구 광안로 21","613804","48297","","3","",129.115273726787,35.1564859208254
"MA0101202601A0027795","모음스터디카페","","R1","예술·스포츠","R102","도서관·사적지","R10202","독서실/스터디 카페","R90212","독서실 운영업","26","부산광역시","26230","부산진구","26230660","부암3동","2623010800","부암동","2623010800105380001","1","대지",538,1,"부산광역시 부산진구 부암동 538-1","262303129016","부산광역시 부산진구 백양순환로",103,,"2623010800105290002018778","","부산광역시 부산진구 백양순환로 103","614839","47136","","3","",129.038487774543,35.1701847656689
"MA0101202510A0032931","수만휘스파르타부산","대신점","R1","예술·스포츠","R102","도서관·사적지","R10202","독서실/스터디 카페","R90212","독서실 운영업","26","부산광역시","26140","서구","26140560","서대신3동","2614010600","서대신동3가","2614010600103890009","1","대지",389,9,"부산광역시 서구 서대신동3가 389-9","261404178053","부산광역시 서구 구덕로321번길",14,,"2614010600103890009006722","","부산광역시 서구 구덕로321번길 14","602826","49226","","9","",129.015869586465,35.1123927312318
"MA0101202508A0012962","엑시토스터디카페","해운대점","R1","예술·스포츠","R102","도서관·사적지","R10202","독서실/스터디 카페","R90212","독서실 운영업","26","부산광역시","26350","해운대구","26350554","좌4동","2635010700","좌동","2635010700114070004","1","대지",1407,4,"부산광역시 해운대구 좌동 1407-4","263503133039","부산광역시 해운대구 좌동순환로",177,,"2635010700114070004022539","제일빌딩","부산광역시 해운대구 좌동순환로 177","612863","48075","","4","",129.17575848222,35.1780329168646
"MA0101202508A0035571","스터디온","","R1","예술·스포츠","R102","도서관·사적지","R10202","독서실/스터디 카페","R90212","독서실 운영업","26","부산광역시","26320","북구","26320573","만덕3동","2632010300","만덕동","2632010300109160009","1","대지",916,9,"부산광역시 북구 만덕동 916-9","263203132008","부산광역시 북구 만덕3로",58,,"2632010300109160009005415","","부산광역시 북구 만덕3로 58","616829","46571","","4","",129.029295799593,35.2109816442421
"MA0101202508A0004929","스터디231","","R1","예술·스포츠","R102","도서관·사적지","R10202","독서실/스터디 카페","R90212","독서실 운영업","26","부산광역시","26530","사상구","26530620","괘법동","2653010400","괘법동","2653010400105250017","1","대지",525,17,"부산광역시 사상구 괘법동 525-17","265303132023","부산광역시 사상구 사상로",231,,"2653010400105250017003594","","부산광역시 사상구 사상로 231","617808","46963","","3","",128.982678559684,35.1655692081258
"MA0101202509A0016424","피터팻키즈풀","","R1","예술·스포츠","R102","도서관·사적지","R10202","독서실/스터디 카페","R90212","독서실 운영업","26","부산광역시","26440","강서구","26440535","명지1동","2644010400","명지동","2644010400134620007","1","대지",3462,7,"부산광역시 강서구 명지동 3462-7","264404855806","부산광역시 강서구 명지국제4로가길",14,,"2644010400134620007000001","상가","부산광역시 강서구 명지국제4로가길 14","618200","46773","","1","",128.92048106533,35.1130138188019
"MA0101202508A0031510","그로잉스터디카페","정관점","R1","예술·스포츠","R102","도서관·사적지","R10202","독서실/스터디 카페","R90212","독서실 운영업","26","부산광역시","26710","기장군","26710256","정관읍","2671025622","정관읍","2671025622107170001","1","대지",717,1,"부산광역시 기장군 정관읍 매학리 717-1","267103140047","부산광역시 기장군 정관읍 정관로",579,,"2671032022107170001000001","조은프라자","부산광역시 기장군 정관읍 정관로 579","619963","46015","","","",129.177174349949,35.321367801437
"MA0101202510A0010235","더프렙","","R1","예술·스포츠","R102","도서관·사적지","R10202","독서실/스터디 카페","R90212","독서실 운영업","26","부산광역시","26260","동래구","26260590","사직2동","2626010900","사직동","2626010900100430009","1","대지",43,9,"부산광역시 동래구 사직동 43-9","262604190231","부산광역시 동래구 사직로70번길",56,,"2626010900100430009021432","일부","부산광역시 동래구 사직로70번길 56","607815","47864","","","",129.057667392129,35.19787740016
"MA0101202508A0007678","잘함스터디카페","","R1","예술·스포츠","R102","도서관·사적지","R10202","독서실/스터디 카페","R90212","독서실 운영업","26","부산광역시","26710","기장군","26710256","정관읍","2671025622","정관읍","2671025622107200001","1","대지",720,1,"부산광역시 기장군 정관읍 매학리 720-1","267103140047","부산광역시 기장군 정관읍 정관로",578,,"2671032022107200001000001","조은타워","부산광역시 기장군 정관읍 정관로 578","619963","46017","","4","",129.176816768753,35.3207434598198
"MA0101202509A0039159","일취월장관리형스터디카페구서점","","R1","예술·스포츠","R102","도서관·사적지","R10202","독서실/스터디 카페","R90212","독서실 운영업","26","부산광역시","26410","금정구","26410680","구서1동","2641010700","구서동","2641010700102520012","1","대지",252,12,"부산광역시 금정구 구서동 252-12","264104205400","부산광역시 금정구 중앙대로1841번길",39,,"2641010700102520012000001","","부산광역시 금정구 중앙대로1841번길 39","609847","46243","","3","",129.0898047707,35.2489716112563
"MA0101202507A0021320","이오에스","","R1","예술·스포츠","R102","도서관·사적지","R10202","독서실/스터디 카페","R90212","독서실 운영업","26","부산광역시","26500","수영구","26500770","광안2동","2650010400","광안동","2650010400102010005","1","대지",201,5,"부산광역시 수영구 광안동 201-5","265003138005","부산광역시 수영구 광안해변로",165,,"2650010400102010005018995","광안지웰에스테이트","부산광역시 수영구 광안해변로 165","613805","48303","","16","",129.115029045404,35.1495783581803
"MA0101202507A0043114","일취월장관리형스터디카페부산대신센터","","R1","예술·스포츠","R102","도서관·사적지","R10202","독서실/스터디 카페","R90212","독서실 운영업","26","부산광역시","26140","서구","26140520","동대신2동","2614010200","동대신동2가","2614010200103610000","1","대지",361,,"부산광역시 서구 동대신동2가 361","261403006005","부산광역시 서구 구덕로",312,,"2614010200103610000020258","","부산광역시 서구 구덕로 312","602811","49217","","6","",129.017179618098,35.1117040601393
"MA0101202510A0025493","화이트펜슬스터디카페부산진역점","","R1","예술·스포츠","R102","도서관·사적지","R10202","독서실/스터디 카페","R90212","독서실 운영업","26","부산광역시","26170","동구","26170570","수정2동","2617010200","수정동","2617010200102480058","1","대지",248,58,"부산광역시 동구 수정동 248-58","261704181437","부산광역시 동구 중앙대로371번길",46,,"2617010200102480058018236","","부산광역시 동구 중앙대로371번길 46","601812","48781","","3","",129.046502936619,35.1300287970198
"MA0101202510A0006111","토마스퀀텀관리형학습관","","R1","예술·스포츠","R102","도서관·사적지","R10202","독서실/스터디 카페","R90212","독서실 운영업","26","부산광역시","26440","강서구","26440545","명지2동","2644010400","명지동","2644010400132390012","1","대지",3239,12,"부산광역시 강서구 명지동 3239-12","264403136046","부산광역시 강서구 명지오션시티5로",14,,"2644010400132390012000001","","부산광역시 강서구 명지오션시티5로 14","618814","46764","","","",128.904188521755,35.083053735292
"MA0101202511A0028278","모란서원","","R1","예술·스포츠","R102","도서관·사적지","R10202","독서실/스터디 카페","R90212","독서실 운영업","26","부산광역시","26470","연제구","26470690","연산5동","2647010200","연산동","2647010200113410023","1","대지",1341,23,"부산광역시 연제구 연산동 1341-23","264703137018","부산광역시 연제구 신촌로",3,,"2647010200113410023005090","연산로터리새마을금고빌딩","부산광역시 연제구 신촌로 3","611828","47542","","8","",129.077802124944,35.1819434777064
"MA0101202512A0012460","부산전포점멘토즈스터디카페","","R1","예술·스포츠","R102","도서관·사적지","R10202","독서실/스터디 카페","R90212","독서실 운영업","26","부산광역시","26230","부산진구","26230600","전포1동","2623010200","전포동","2623010200103370003","1","대지",337,3,"부산광역시 부산진구 전포동 337-3","262303129009","부산광역시 부산진구 동성로",47,,"2623010200103370003038710","","부산광역시 부산진구 동성로 47","614867","47304","","2","",129.068209578519,35.1546764419606
"MA0101202510A0022913","재수독학스카이코어수능관부산","명지점","R1","예술·스포츠","R102","도서관·사적지","R10202","독서실/스터디 카페","R90212","독서실 운영업","26","부산광역시","26440","강서구","26440535","명지1동","2644010400","명지동","2644010400134120002","1","대지",3412,2,"부산광역시 강서구 명지동 3412-2","264403350868","부산광역시 강서구 명지국제8로",234,,"2644010400134120002000001","정우빌딩","부산광역시 강서구 명지국제8로 234","618200","46772","","9","",128.918394091571,35.0979067946889
"MA0101202512A0018073","일취월장관리형스터디카페","교대점","R1","예술·스포츠","R102","도서관·사적지","R10202","독서실/스터디 카페","R90212","독서실 운영업","26","부산광역시","26470","연제구","26470610","거제1동","2647010100","거제동","2647010100101500006","1","대지",150,6,"부산광역시 연제구 거제동 150-6","264703130023","부산광역시 연제구 명륜로",10,,"2647010100101500006013379","한양타워빌딩","부산광역시 연제구 명륜로 10","611713","47514","","3","",129.08149706439,35.1959830671328
"MA0101202511A0036893","이룸1인관리형스터디센터수영","광안점","R1","예술·스포츠","R102","도서관·사적지","R10202","독서실/스터디 카페","R90212","독서실 운영업","26","부산광역시","26500","수영구","26500760","광안1동","2650010400","광안동","2650010400101180002","1","대지",118,2,"부산광역시 수영구 광안동 118-2","265004214286","부산광역시 수영구 수영로618번길",4,,"2650010400101180002000858","성우이린타워","부산광역시 수영구 수영로618번길 4","613802","48293","","3","",129.114040104854,35.1605446204968
"MA0101202510A0008950","아비다더원스터디라운지","","R1","예술·스포츠","R102","도서관·사적지","R10202","독서실/스터디 카페","R90212","독서실 운영업","26","부산광역시","26710","기장군","26710256","정관읍","2671025628","정관읍","2671025628113660010","1","대지",1366,10,"부산광역시 기장군 정관읍 용수리 1366-10","267103140042","부산광역시 기장군 정관읍 정관4로",45,,"2671032028113660010000001","제일빌딩","부산광역시 기장군 정관읍 정관4로 45","619963","46012","","5","",129.171525972497,35.3268220686627
"MA0101202512A0003481","스터디유니온","","R1","예술·스포츠","R102","도서관·사적지","R10202","독서실/스터디 카페","R90212","독서실 운영업","26","부산광역시","26350","해운대구","26350552","좌2동","2635010700","좌동","2635010700114810002","1","대지",1481,2,"부산광역시 해운대구 좌동 1481-2","263504199084","부산광역시 해운대구 세실로27번길",21,1,"2635010700114810002000001","","부산광역시 해운대구 세실로27번길 21-1","612842","48111","","10","",129.17788147259,35.1687490811385
"MA0101202602A0016669","과학공간","","R1","예술·스포츠","R102","도서관·사적지","R10202","독서실/스터디 카페","R90212","독서실 운영업","26","부산광역시","26500","수영구","26500660","남천1동","2650010500","남천동","2650010500100140020","1","대지",14,20,"부산광역시 수영구 남천동 14-20","265003138008","부산광역시 수영구 남천동로",11,1,"2650010500100140020002127","","부산광역시 수영구 남천동로 11-1","613814","48307","","1","",129.110179443957,35.1427781342172
"MA0101202602A0002930","디딤스터디카페","서면점","R1","예술·스포츠","R102","도서관·사적지","R10202","독서실/스터디 카페","R90212","독서실 운영업","26","부산광역시","26230","부산진구","26230520","부전2동","2623010300","부전동","2623010300102260009","1","대지",226,9,"부산광역시 부산진구 부전동 226-9","262304187684","부산광역시 부산진구 중앙대로666번길",17,,"2623010300102260009000706","","부산광역시 부산진구 중앙대로666번길 17","614846","47296","","5","",129.060282907562,35.1523243389303
"MA0101202602A0011292","원패스1인실관리학사원앤관리형스터디카페","","R1","예술·스포츠","R102","도서관·사적지","R10202","독서실/스터디 카페","R90212","독서실 운영업","26","부산광역시","26440","강서구","26440535","명지1동","2644010400","명지동","2644010400135970002","1","대지",3597,2,"부산광역시 강서구 명지동 3597-2","264403350851","부산광역시 강서구 명지국제1로",60,1,"2644010400135970002000001","S","부산광역시 강서구 명지국제1로 60-1","618200","46726","","","",128.905435589486,35.0942450662738
"MA0101202510A0008269","지식in스터디카페","","R1","예술·스포츠","R102","도서관·사적지","R10202","독서실/스터디 카페","R90212","독서실 운영업","26","부산광역시","26410","금정구","26410591","부곡4동","2641010900","부곡동","2641010900103950013","1","대지",395,13,"부산광역시 금정구 부곡동 395-13","264104205199","부산광역시 금정구 부곡로42번길",8,,"2641010900103950013001395","","부산광역시 금정구 부곡로42번길 8","609824","46310","","2","",129.088634694732,35.2200559998751
"MA0101202602A0016486","엔오원스터디카페","","R1","예술·스포츠","R102","도서관·사적지","R10202","독서실/스터디 카페","R90212","독서실 운영업","26","부산광역시","26290","남구","26290530","대연3동","2629010600","대연동","2629010600100550018","1","대지",55,18,"부산광역시 남구 대연동 55-18","262904193211","부산광역시 남구 용소로7번길",9,,"2629010600100550018000359","중앙프라자","부산광역시 남구 용소로7번길 9","608804","48508","","5","",129.10077272262,35.1370480842041
"MA0101202511A0004786","다모아스터디카페","장산점","R1","예술·스포츠","R102","도서관·사적지","R10202","독서실/스터디 카페","R90212","독서실 운영업","26","부산광역시","26350","해운대구","26350552","좌2동","2635010700","좌동","2635010700114840002","1","대지",1484,2,"부산광역시 해운대구 좌동 1484-2","263503133010","부산광역시 해운대구 세실로",43,,"2635010700114840002026386","경동코아","부산광역시 해운대구 세실로 43","612842","48111","","8","",129.178452578958,35.1687658415652
"MA0101202511A0025816","일취월장관리형스터디카페","장산점","R1","예술·스포츠","R102","도서관·사적지","R10202","독서실/스터디 카페","R90212","독서실 운영업","26","부산광역시","26350","해운대구","26350552","좌2동","2635010700","좌동","2635010700114840002","1","대지",1484,2,"부산광역시 해운대구 좌동 1484-2","263503133010","부산광역시 해운대구 세실로",43,,"2635010700114840002026386","경동코아","부산광역시 해운대구 세실로 43","612842","48111","","8","",129.178452578958,35.1687658415652
"MA0101202512A0043703","화이트펜슬부산","교대점","R1","예술·스포츠","R102","도서관·사적지","R10202","독서실/스터디 카페","R90212","독서실 운영업","26","부산광역시","26470","연제구","26470610","거제1동","2647010100","거제동","2647010100101500008","1","대지",150,8,"부산광역시 연제구 거제동 150-8","264703130023","부산광역시 연제구 명륜로",14,,"2647010100101500008006238","청마마이우스","부산광역시 연제구 명륜로 14","611803","47514","","2","",129.081830631654,35.1961485497864
"MA0101202602A0000109","화이트펜슬스터디카페대연황령점","","R1","예술·스포츠","R102","도서관·사적지","R10202","독서실/스터디 카페","R90212","독서실 운영업","26","부산광역시","26290","남구","26290530","대연3동","2629010600","대연동","2629010600102450100","1","대지",245,100,"부산광역시 남구 대연동 245-100","262904193469","부산광역시 남구 황령대로319번가길",158,4,"2629010600102450013000001","","부산광역시 남구 황령대로319번가길 158-4","608806","48424","","2","",129.088627409174,35.1520190783371
"MA0101202603A0010488","일취월장관리형스터디카페부곡명륜점","","R1","예술·스포츠","R102","도서관·사적지","R10202","독서실/스터디 카페","R90212","독서실 운영업","26","부산광역시","26410","금정구","26410591","부곡4동","2641010900","부곡동","2641010900108880029","1","대지",888,29,"부산광역시 금정구 부곡동 888-29","264103006035","부산광역시 금정구 부곡로",10,,"2641010900108880029032100","","부산광역시 금정구 부곡로 10","609824","46310","","2","",129.087057422373,35.2176410993775
"MA0101202511A0036409","원씽스터디카페미남역점","","R1","예술·스포츠","R102","도서관·사적지","R10202","독서실/스터디 카페","R90212","독서실 운영업","26","부산광역시","26260","동래구","26260570","온천3동","2626010800","온천동","2626010800112490006","1","대지",1249,6,"부산광역시 동래구 온천동 1249-6","262602006012","부산광역시 동래구 아시아드대로",225,,"2626010800112490006005869","일부미남메디칼센터","부산광역시 동래구 아시아드대로 225","607841","47851","","5","",129.066590791262,35.2042948027769
"MA0101202602A0010800","하이레벨스터디카페","","R1","예술·스포츠","R102","도서관·사적지","R10202","독서실/스터디 카페","R90212","독서실 운영업","26","부산광역시","26440","강서구","26440545","명지2동","2644010400","명지동","2644010400132380003","1","대지",3238,3,"부산광역시 강서구 명지동 3238-3","264403136044","부산광역시 강서구 명지오션시티3로",9,,"2644010400132380003000001","","부산광역시 강서구 명지오션시티3로 9","618814","46765","","","",128.902981452545,35.0834782301734
"MA0101202603A0026492","이지원골든브릿지스터디카페","초량점","R1","예술·스포츠","R102","도서관·사적지","R10202","독서실/스터디 카페","R90212","독서실 운영업","26","부산광역시","26170","동구","26170530","초량3동","2617010100","초량동","2617010100100410005","1","대지",41,5,"부산광역시 동구 초량동 41-5","261704181012","부산광역시 동구 고관로29번길",10,,"2617010100100410005018410","","부산광역시 동구 고관로29번길 10","601827","48795","","5","",129.042107744116,35.1222627876489
"MA0101202603A0003464","에이온스터디카페","","R1","예술·스포츠","R102","도서관·사적지","R10202","독서실/스터디 카페","R90212","독서실 운영업","26","부산광역시","26380","사하구","26380530","괴정3동","2638010100","괴정동","2638010100102680028","1","대지",268,28,"부산광역시 사하구 괴정동 268-28","263802006002","부산광역시 사하구 낙동대로",179,,"2638010100102680028030584","","부산광역시 사하구 낙동대로 179","604809","49350","","3","",128.996758850472,35.1013542713157
"MA0101202603A0021858","리카키즈룸부산","명지점","R1","예술·스포츠","R102","도서관·사적지","R10202","독서실/스터디 카페","R90212","독서실 운영업","26","부산광역시","26440","강서구","26440535","명지1동","2644010400","명지동","2644010400133580003","1","대지",3358,3,"부산광역시 강서구 명지동 3358-3","264403350868","부산광역시 강서구 명지국제8로",259,,"2644010400133580003000001","삼성빌딩","부산광역시 강서구 명지국제8로 259","618200","46773","","4","",128.921209466954,35.0982587262515
"MA0101202603A0002172","에버그린스터디카페워크라운지","","R1","예술·스포츠","R102","도서관·사적지","R10202","독서실/스터디 카페","R90212","독서실 운영업","26","부산광역시","26350","해운대구","26350552","좌2동","2635010700","좌동","2635010700114830002","1","대지",1483,2,"부산광역시 해운대구 좌동 1483-2","263504199084","부산광역시 해운대구 세실로27번길",15,,"2635010700114830002003803","상가1동","부산광역시 해운대구 세실로27번길 15","612842","48111","","4","",129.178260974931,35.1681655265811
"MA0101202602A0025774","청담스터디카페부산","연산점","R1","예술·스포츠","R102","도서관·사적지","R10202","독서실/스터디 카페","R90212","독서실 운영업","26","부산광역시","26470","연제구","26470680","연산4동","2647010200","연산동","2647010200105790007","1","대지",579,7,"부산광역시 연제구 연산동 579-7","264703137015","부산광역시 연제구 세병로",31,,"2647010200105790007000001","","부산광역시 연제구 세병로 31","611820","47519","","4","",129.083650725442,35.1913321111024
"MA0101202601A0019981","순공플러스관리형스터디카페","","R1","예술·스포츠","R102","도서관·사적지","R10202","독서실/스터디 카페","R90212","독서실 운영업","26","부산광역시","26260","동래구","26260590","사직2동","2626010900","사직동","2626010900100260009","1","대지",26,9,"부산광역시 동래구 사직동 26-9","262603130010","부산광역시 동래구 사직북로",35,,"2626010900100260009021288","","부산광역시 동래구 사직북로 35","607815","47860","","2","",129.059804374295,35.199030581516
"MA0101202512A0043463","재관리형스터디카페","명지","R1","예술·스포츠","R102","도서관·사적지","R10202","독서실/스터디 카페","R90212","독서실 운영업","26","부산광역시","26440","강서구","26440535","명지1동","2644010400","명지동","2644010400133580005","1","대지",3358,5,"부산광역시 강서구 명지동 3358-5","264403350868","부산광역시 강서구 명지국제8로",265,,"2644010400133580005000001","SM빌딩","부산광역시 강서구 명지국제8로 265","618200","46773","","5","",128.921811278994,35.0982041254396
"MA0101202603A0000167","디딤스터디카페워크라운지부경대점","경성대","R1","예술·스포츠","R102","도서관·사적지","R10202","독서실/스터디 카페","R90212","독서실 운영업","26","부산광역시","26290","남구","26290530","대연3동","2629010600","대연동","2629010600100730004","1","대지",73,4,"부산광역시 남구 대연동 73-4","262903131037","부산광역시 남구 수영로",319,,"2629010600100730004000414","","부산광역시 남구 수영로 319","608805","48434","","2","",129.100695563871,35.1378874981895
"MA0101202602A0023926","공짜당스터디카페서면","1호점","R1","예술·스포츠","R102","도서관·사적지","R10202","독서실/스터디 카페","R90212","독서실 운영업","26","부산광역시","26230","부산진구","26230510","부전1동","2623010300","부전동","2623010300104030008","1","대지",403,8,"부산광역시 부산진구 부전동 403-8","262303129026","부산광역시 부산진구 서면문화로",42,1,"2623010300104030008046679","송강빌딩","부산광역시 부산진구 서면문화로 42-1","614849","47256","","5","",129.055800732188,35.1608263779763
"MA0101202601A0017056","퍼스널수학학습관리센터","","R1","예술·스포츠","R102","도서관·사적지","R10202","독서실/스터디 카페","R90212","독서실 운영업","26","부산광역시","26470","연제구","26470610","거제1동","2647010100","거제동","2647010100114770005","1","대지",1477,5,"부산광역시 연제구 거제동 1477-5","264702006012","부산광역시 연제구 아시아드대로",86,,"2647010100114770005006306","","부산광역시 연제구 아시아드대로 86","611803","47508","","4","",129.067561699881,35.1923559351237
"MA0101202512A0006743","고센스터디카페","","R1","예술·스포츠","R102","도서관·사적지","R10202","독서실/스터디 카페","R90212","독서실 운영업","26","부산광역시","26410","금정구","26410610","장전2동","2641010800","장전동","2641010800104130025","1","대지",413,25,"부산광역시 금정구 장전동 413-25","264103135026","부산광역시 금정구 부산대학로",24,,"2641010800104130025026970","","부산광역시 금정구 부산대학로 24","609392","46290","","3","",129.088558543426,35.2312225359008
"MA0101202512A0043806","화명율리점거대한책상스터디카페","","R1","예술·스포츠","R102","도서관·사적지","R10202","독서실/스터디 카페","R90212","독서실 운영업","26","부산광역시","26320","북구","26320530","금곡동","2632010100","금곡동","2632010100118800010","1","대지",1880,10,"부산광역시 북구 금곡동 1880-10","263203132020","부산광역시 북구 학사로",295,,"2632010100118800010002182","","부산광역시 북구 학사로 295","616841","46519","","3","",129.012125913602,35.2475761285314
"MA0101202512A0027544","부산아이덴스터디카페","거제점","R1","예술·스포츠","R102","도서관·사적지","R10202","독서실/스터디 카페","R90212","독서실 운영업","26","부산광역시","26470","연제구","26470620","거제2동","2647010100","거제동","2647010100108870003","1","대지",887,3,"부산광역시 연제구 거제동 887-3","264702006012","부산광역시 연제구 아시아드대로",22,,"2647010100108870003002334","","부산광역시 연제구 아시아드대로 22","611807","47526","","7","",129.069713802499,35.1871825686525
"MA0101202512A0029619","명작수학관정스터디카페","","R1","예술·스포츠","R102","도서관·사적지","R10202","독서실/스터디 카페","R90212","독서실 운영업","26","부산광역시","26350","해운대구","26350520","우2동","2635010500","우동","2635010500115040000","1","대지",1504,,"부산광역시 해운대구 우동 1504","263503133012","부산광역시 해운대구 센텀2로",19,,"2635010500115040000000001","센텀코아","부산광역시 해운대구 센텀2로 19","612889","48060","","2","",129.132578354586,35.1674377632775
"MA0101202511A0027965","고요스터디카페","","R1","예술·스포츠","R102","도서관·사적지","R10202","독서실/스터디 카페","R90212","독서실 운영업","26","부산광역시","26350","해운대구","26350553","좌3동","2635010700","좌동","2635010700112700002","1","대지",1270,2,"부산광역시 해운대구 좌동 1270-2","263503133039","부산광역시 해운대구 좌동순환로",78,,"2635010700112700002005537","건우빌딩","부산광역시 해운대구 좌동순환로 78","612852","48083","","7","",129.16755377199,35.1732598706127
"MA0101202512A0026296","써머스","","R1","예술·스포츠","R102","도서관·사적지","R10202","독서실/스터디 카페","R90212","독서실 운영업","26","부산광역시","26230","부산진구","26230560","양정1동","2623010100","양정동","2623010100105020003","1","대지",502,3,"부산광역시 부산진구 양정동 502-3","262303129011","부산광역시 부산진구 동평로",380,,"2623010100105020003034131","한스빌딩","부산광역시 부산진구 동평로 380","614858","47207","","5","",129.066636299181,35.174456725542
"MA0101202512A0032651","르하임스터디카페부산괴정역점","","R1","예술·스포츠","R102","도서관·사적지","R10202","독서실/스터디 카페","R90212","독서실 운영업","26","부산광역시","26380","사하구","26380530","괴정3동","2638010100","괴정동","2638010100109660001","1","대지",966,1,"부산광역시 사하구 괴정동 966-1","263803134015","부산광역시 사하구 사하로",200,,"2638010100109660001029354","형지빌딩","부산광역시 사하구 사하로 200","604083","49355","","10","",128.993700201194,35.0995842385209
"MA0101202508A0009850","명륜점아이덴스터디카페","","R1","예술·스포츠","R102","도서관·사적지","R10202","독서실/스터디 카페","R90212","독서실 운영업","26","부산광역시","26260","동래구","26260545","명륜동","2626010700","명륜동","2626010700106140003","1","대지",614,3,"부산광역시 동래구 명륜동 614-3","262604190503","부산광역시 동래구 충렬대로237번길",143,,"2626010700106140003014478","대원빌딩","부산광역시 동래구 충렬대로237번길 143","607805","47808","","8","",129.082234682941,35.207243794577
"MA0101202511A0020163","화이트펜슬스터디카페부산율리점","","R1","예술·스포츠","R102","도서관·사적지","R10202","독서실/스터디 카페","R90212","독서실 운영업","26","부산광역시","26320","북구","26320530","금곡동","2632010100","금곡동","2632010100118800006","1","대지",1880,6,"부산광역시 북구 금곡동 1880-6","263202132001","부산광역시 북구 금곡대로",441,,"2632010100118800006017635","삼화빌딩","부산광역시 북구 금곡대로 441","616841","46519","","5","",129.012645570678,35.2477116695887
"MA0101202604A0011895","가온누리관리형스터디랩","","R1","예술·스포츠","R102","도서관·사적지","R10202","독서실/스터디 카페","R90212","독서실 운영업","26","부산광역시","26260","동래구","26260580","사직1동","2626010900","사직동","2626010900101040009","1","대지",104,9,"부산광역시 동래구 사직동 104-9","262602006012","부산광역시 동래구 아시아드대로",109,,"2626010900101040009007911","사직동태성센츄럴타워","부산광역시 동래구 아시아드대로 109","607817","47876","","3","",129.066237543429,35.1942529493459
"MA0101202602A0008632","아이비스터디카페부산","정관점","R1","예술·스포츠","R102","도서관·사적지","R10202","독서실/스터디 카페","R90212","독서실 운영업","26","부산광역시","26710","기장군","26710256","정관읍","2671025628","정관읍","2671025628113280002","1","대지",1328,2,"부산광역시 기장군 정관읍 용수리 1328-2","267103140047","부산광역시 기장군 정관읍 정관로",499,,"2671032028113280002000001","","부산광역시 기장군 정관읍 정관로 499","619963","46015","","","",129.170813257225,35.3256634189377
"MA0101202603A0011651","오션시티점아이덴스터디카페","명지","R1","예술·스포츠","R102","도서관·사적지","R10202","독서실/스터디 카페","R90212","독서실 운영업","26","부산광역시","26440","강서구","26440545","명지2동","2644010400","명지동","2644010400132380000","1","대지",3238,,"부산광역시 강서구 명지동 3238","264403136039","부산광역시 강서구 명지오션시티11로",66,,"2644010400132380000000001","","부산광역시 강서구 명지오션시티11로 66","618814","46765","","5","",128.903158611712,35.0840251815594
"MA0101202602A0022195","이층서재","","R1","예술·스포츠","R102","도서관·사적지","R10202","독서실/스터디 카페","R90212","독서실 운영업","26","부산광역시","26290","남구","26290530","대연3동","2629010600","대연동","2629010600100600037","1","대지",60,37,"부산광역시 남구 대연동 60-37","262904193205","부산광역시 남구 용소로21번길",19,,"2629010600100600037000319","","부산광역시 남구 용소로21번길 19","608805","48512","","2","",129.101899138293,35.1356317510753
"MA0101202602A0001046","하베르스터디카페용수점","","R1","예술·스포츠","R102","도서관·사적지","R10202","독서실/스터디 카페","R90212","독서실 운영업","26","부산광역시","26710","기장군","26710256","정관읍","2671025628","정관읍","2671025628113280006","1","대지",1328,6,"부산광역시 기장군 정관읍 용수리 1328-6","267103140042","부산광역시 기장군 정관읍 정관4로",40,,"2671032028113280006000001","이인메디컬빌딩","부산광역시 기장군 정관읍 정관4로 40","619963","46015","","3","",129.171134232283,35.3261532682002
"MA0101202604A0021581","화이트펜슬스터디카페부산","시청점","R1","예술·스포츠","R102","도서관·사적지","R10202","독서실/스터디 카페","R90212","독서실 운영업","26","부산광역시","26470","연제구","26470690","연산5동","2647010200","연산동","2647010200113690009","1","대지",1369,9,"부산광역시 연제구 연산동 1369-9","264704211351","부산광역시 연제구 중앙대로1043번길",50,,"2647010200113690009015705","","부산광역시 연제구 중앙대로1043번길 50","611830","47542","","9","",129.075174679888,35.1817812761716
"MA0101202602A0006997","공짜당스터디카페서면","2호점","R1","예술·스포츠","R102","도서관·사적지","R10202","독서실/스터디 카페","R90212","독서실 운영업","26","부산광역시","26230","부산진구","26230520","부전2동","2623010300","부전동","2623010300102200014","1","대지",220,14,"부산광역시 부산진구 부전동 220-14","262304187686","부산광역시 부산진구 중앙대로680번길",29,,"2623010300102200014049079","전체","부산광역시 부산진구 중앙대로680번길 29","614846","47296","","1","",129.060918619453,35.1536021855318
"MA0101202602A0002436","화이트펜슬사상","터미널점","R1","예술·스포츠","R102","도서관·사적지","R10202","독서실/스터디 카페","R90212","독서실 운영업","26","부산광역시","26530","사상구","26530620","괘법동","2653010400","괘법동","2653010400105240010","1","대지",524,10,"부산광역시 사상구 괘법동 524-10","265303132023","부산광역시 사상구 사상로",235,,"2653010400105240010031102","","부산광역시 사상구 사상로 235","617808","46963","","4","",128.98253285457,35.1658960168523
"MA0101202604A0040216","원앤원1인실관리학사원앤관리형스터디카페","","R1","예술·스포츠","R102","도서관·사적지","R10202","독서실/스터디 카페","R90212","독서실 운영업","26","부산광역시","26440","강서구","26440535","명지1동","2644010400","명지동","2644010400135970002","1","대지",3597,2,"부산광역시 강서구 명지동 3597-2","264403350851","부산광역시 강서구 명지국제1로",60,1,"2644010400135970002000001","","부산광역시 강서구 명지국제1로 60-1","618200","46726","","","",128.905435589486,35.0942450662738
"MA0101202602A0032411","아름스터디카페","명지","R1","예술·스포츠","R102","도서관·사적지","R10202","독서실/스터디 카페","R90212","독서실 운영업","26","부산광역시","26440","강서구","26440535","명지1동","2644010400","명지동","2644010400133310002","1","대지",3331,2,"부산광역시 강서구 명지동 3331-2","264403350872","부산광역시 강서구 명지국제11로",27,,"2644010400133310002000001","대경빌딩","부산광역시 강서구 명지국제11로 27","618200","46773","","2","",128.921495157101,35.1048239107959
"MA0101202602A0004069","그랜드스터디라운지","화명점","R1","예술·스포츠","R102","도서관·사적지","R10202","독서실/스터디 카페","R90212","독서실 운영업","26","부산광역시","26320","북구","26320543","화명3동","2632010200","화명동","2632010200122690001","1","대지",2269,1,"부산광역시 북구 화명동 2269-1","263204196053","부산광역시 북구 금곡대로303번길",22,,"2632010200122690001015370","정능빌딩","부산광역시 북구 금곡대로303번길 22","616852","46525","","","",129.01264612817,35.2357352420526
"MA0101202602A0030372","어썸팩토리명륜부곡독서실","","R1","예술·스포츠","R102","도서관·사적지","R10202","독서실/스터디 카페","R90212","독서실 운영업","26","부산광역시","26410","금정구","26410591","부곡4동","2641010900","부곡동","2641010900108880029","1","대지",888,29,"부산광역시 금정구 부곡동 888-29","264103006035","부산광역시 금정구 부곡로",10,,"2641010900108880029032100","라이프빌딩","부산광역시 금정구 부곡로 10","609824","46310","","2","",129.087057422373,35.2176410993775
"MA0101202603A0002359","올탑관리형스터디카페화명","신도시점","R1","예술·스포츠","R102","도서관·사적지","R10202","독서실/스터디 카페","R90212","독서실 운영업","26","부산광역시","26320","북구","26320543","화명3동","2632010200","화명동","2632010200122750006","1","대지",2275,6,"부산광역시 북구 화명동 2275-6","263203132027","부산광역시 북구 화명신도시로",115,,"2632010200122750006010879","성문타워","부산광역시 북구 화명신도시로 115","616852","46527","","9","",129.010438462056,35.2344021802675
"MA0101202602A0007620","화이트펜슬","괴정점","R1","예술·스포츠","R102","도서관·사적지","R10202","독서실/스터디 카페","R90212","독서실 운영업","26","부산광역시","26380","사하구","26380530","괴정3동","2638010100","괴정동","2638010100109610006","1","대지",961,6,"부산광역시 사하구 괴정동 961-6","263804202314","부산광역시 사하구 사하로186번길",6,,"2638010100109610006036369","","부산광역시 사하구 사하로186번길 6","604811","49358","","7","",128.994230242743,35.0983859574952
"MA0101202602A0033706","골든브릿지스터디카페","","R1","예술·스포츠","R102","도서관·사적지","R10202","독서실/스터디 카페","R90212","독서실 운영업","26","부산광역시","26320","북구","26320541","화명1동","2632010200","화명동","2632010200107410004","1","대지",741,4,"부산광역시 북구 화명동 741-4","263202132002","부산광역시 북구 화명대로",92,,"2632010200107410004003701","난애빌딩","부산광역시 북구 화명대로 92","616845","46533","","3","",129.018098627179,35.2341484931805
"MA0101202601A0032176","디딤스터디카페워크라운지","시청역점","R1","예술·스포츠","R102","도서관·사적지","R10202","독서실/스터디 카페","R90212","독서실 운영업","26","부산광역시","26470","연제구","26470690","연산5동","2647010200","연산동","2647010200113290003","1","대지",1329,3,"부산광역시 연제구 연산동 1329-3","264702000010","부산광역시 연제구 중앙대로",1039,,"2647010200113290003019071","","부산광역시 연제구 중앙대로 1039","611830","47542","","3","",129.077634765218,35.1814056564791
"MA0101202601A0035922","디딤스터디카페워크라운지","부산대점","R1","예술·스포츠","R102","도서관·사적지","R10202","독서실/스터디 카페","R90212","독서실 운영업","26","부산광역시","26410","금정구","26410610","장전2동","2641010800","장전동","2641010800104150014","1","대지",415,14,"부산광역시 금정구 장전동 415-14","264104205110","부산광역시 금정구 금정로68번길",15,,"2641010800104150015036098","","부산광역시 금정구 금정로68번길 15","609392","46291","","4","",129.087457640854,35.2306918343967
"MA0101202604A0002959","공짜당스터디카페","동래역점","R1","예술·스포츠","R102","도서관·사적지","R10202","독서실/스터디 카페","R90212","독서실 운영업","26","부산광역시","26260","동래구","26260545","명륜동","2626010700","명륜동","2626010700105330101","1","대지",533,101,"부산광역시 동래구 명륜동 533-101","262603130018","부산광역시 동래구 온천천로",155,,"2626010700105330101004631","","부산광역시 동래구 온천천로 155","607804","47736","","1","",129.079000813292,35.2057223714345
"MA0101202604A0024974","공부인스터디카페좌동센터","해운대","R1","예술·스포츠","R102","도서관·사적지","R10202","독서실/스터디 카페","R90212","독서실 운영업","26","부산광역시","26350","해운대구","26350552","좌2동","2635010700","좌동","2635010700113270006","1","대지",1327,6,"부산광역시 해운대구 좌동 1327-6","263503133039","부산광역시 해운대구 좌동순환로",310,,"2635010700113270006014325","성문종합학원","부산광역시 해운대구 좌동순환로 310","612840","48110","","4","",129.182527242305,35.1684761910083
"MA0101202604A0034654","이룸스터디카페","","R1","예술·스포츠","R102","도서관·사적지","R10202","독서실/스터디 카페","R90212","독서실 운영업","26","부산광역시","26260","동래구","26260740","안락1동","2626010200","안락동","2626010200106330029","1","대지",633,29,"부산광역시 동래구 안락동 633-29","262603130029","부산광역시 동래구 안연로",60,,"2626010200106330029021575","","부산광역시 동래구 안연로 60","607829","47901","","2","",129.099332327502,35.1928364394433
"MA0106202605A0963915","그린스터디카페","","R1","예술·스포츠","R102","도서관·사적지","R10202","독서실/스터디 카페","R90212","독서실 운영업","26","부산광역시","26350","해운대구","26350551","좌1동","2635010700","좌동","2635010700109130000","1","대지",913,,"부산광역시 해운대구 좌동 913","263503133001","부산광역시 해운대구 대천로",104,,"2635010700109130000003071","","부산광역시 해운대구 대천로 104","612835","48079","","","",129.173734887108,35.1745818650169
"MA0106202605A1633711","더원스터디라운지독서실","","R1","예술·스포츠","R102","도서관·사적지","R10202","독서실/스터디 카페","R90212","독서실 운영업","26","부산광역시","26290","남구","26290530","대연3동","2629010600","대연동","2629010600100730031","1","대지",73,31,"부산광역시 남구 대연동 73-31","262903131037","부산광역시 남구 수영로",315,,"2629010600100730031004073","","부산광역시 남구 수영로 315","608805","48434","","","",129.100373170553,35.1377218689188
"MA0101202604A0011921","우드스터디카페","","R1","예술·스포츠","R102","도서관·사적지","R10202","독서실/스터디 카페","R90212","독서실 운영업","26","부산광역시","26470","연제구","26470730","연산9동","2647010200","연산동","2647010200122350012","1","대지",2235,12,"부산광역시 연제구 연산동 2235-12","264703006054","부산광역시 연제구 과정로",76,,"2647010200122350012020963","","부산광역시 연제구 과정로 76","611819","47573","","2","",129.107384089156,35.178160993906
"MA0101202603A0047190","디딤스터디카페워크라운지사직역점","","R1","예술·스포츠","R102","도서관·사적지","R10202","독서실/스터디 카페","R90212","독서실 운영업","26","부산광역시","26260","동래구","26260580","사직1동","2626010900","사직동","2626010900100660005","1","대지",66,5,"부산광역시 동래구 사직동 66-5","262602006012","부산광역시 동래구 아시아드대로",149,1,"2626010900100660005008494","","부산광역시 동래구 아시아드대로 149-1","607817","47867","","1","",129.065130182993,35.1977773436353
"MA0101202604A0020292","문스터디카페","","R1","예술·스포츠","R102","도서관·사적지","R10202","독서실/스터디 카페","R90212","독서실 운영업","26","부산광역시","26290","남구","26290570","용호1동","2629010700","용호동","2629010700101790004","1","대지",179,4,"부산광역시 남구 용호동 179-4","262903131025","부산광역시 남구 용호로",34,,"2629010700101790004008974","일신크로바","부산광역시 남구 용호로 34","608763","48517","","","",129.107740609364,35.1264826423609
